company_name,city,state,phone,website,emails,rating,reviews,status,error,services,specialization,content_preview,scraped_url
"Paschal Air, Plumbing & Electric",Dallas,Texas,(214) 765-4817,https://gopaschal.com/service-areas/arlington-tx?utm_source=gbp-arlington,info@gopaschal.com,4.6,420,SUCCESS,,Commercial; Repair; Maintenance; Installation,Commercial Only,"Air, Plumbing & Electric Services in Arlington, TX Skip To Content Privacy Page Want to save with Paschal? Don’t miss our current offers and specials info@gopaschal.com | 479.900.0784 request service 479.900.0784 request service Search for: Services Cooling Heating Plumbing Electrical Indoor Air Quality Water Quality Commercial Services View All Services → Memberships Service Areas About Us About Paschal Acquisitions: Partner with Paschal Resources Homeowner Resources & Pro-tips Pricing and Fina",https://gopaschal.com/service-areas/arlington-tx/
"Silver Spur Air, Heating, & Plumbing of Dallas",Dallas,Texas,(972) 290-1996,https://silverspurhome.com/?utm_source=google&utm_medium=organic&utm_campaign=gmb&utm_id=GBP,info@silverspurhome.com,5.0,26,SUCCESS,,Commercial; Installation; Repair; 24/7 Emergency; Maintenance,Commercial Only,"HVAC Contractor in Haltom City, TX - Heating & Cooling Skip to main content We're hiring! Apply online today. Open positions → Call (682) 268-4077 to schedule service today! Reliable HVAC Company based in Haltom City, TX HVAC Services in Dallas and Houston Trusted HVAC & Plumbing Professionals Near You Online Estimate Call (682) 268-4077 Reliable HVAC Company in Haltom City, TX Trusted HVAC & Plumbing Professionals Near You Get Online Estimate Call (682) 268 4077 Premium HVAC Services in Haltom ",https://silverspurhome.com/
Aircons Heat & Better Air Inc,Garland,Texas,(469) 931-2048,https://airconsdallas.com/,hello@airconsdallas.com,4.9,517,SUCCESS,,Residential; Commercial; Installation; Repair; Maintenance,Residential & Commercial,"AC Repair Garland, TX - Local Garland Heating & AC Repair Company Home Services Air Conditioning AC Repair AC Installation Heating Heating Repairs Heating Installation Furnace Repair Other HVAC Services Thermostat Installation Water Heater Installation Services Areas Recent Projects Commercial HVAC About Aircons Gallery Blog Blog ESPAÑOL HVAC Financing Contact Aircons Address: 222 Commercial St. Garland, TX 75040 Phone: (469) 931-2048 E-mail: hello@airconsdallas.com Mon-Fri: 7:30 AM-7:30 PM Mon-",https://airconsdallas.com/
Hot & Cool Heating and Air Conditioning,Dallas,Texas,(469) 348-5392,https://hotandcoolhvac.squarespace.com/,hot_cool_dfw@outlook.com,5.0,34,SUCCESS,,N/A,General HVAC,Hot & Cool Heating and Air Conditioning 0,https://hotandcoolhvac.squarespace.com/
Ellis Air Conditioning & Heating,Dallas,Texas,(972) 362-1501,https://www.ellisac.com/?utm_source=gmb_listing&utm_medium=organic,aaron@ellisac.com,4.6,36,SUCCESS,,Residential; Commercial; Repair; 24/7 Emergency; Installation; Maintenance,Residential & Commercial,"Air Conditioning And Heating Services In DFW - Ellis AC Skip to content Celebrating 50 Years of Comfort & Trust! Proudly serving the Dallas-Fort Worth community since 1975, Ellis Air Conditioning & Heating has been your trusted partner in home comfort for 50 years ! Thank you for choosing us for your HVAC needs—here’s to many more years of excellence! 24/7 Emergency HVAC Service In Dallas & Ellis County (972) 291-9316 Celebrating 50 Years Of Dedication And Service #1 Air Conditioning And Heating",https://www.ellisac.com/
HVAC Alternative DFW,Richardson,Texas,(972) 589-2818,http://hvacalternativedfw.com/,filler@godaddy.com,5.0,45,SUCCESS,,Repair; Residential; 24/7 Emergency; Maintenance,Residential Only,HVAC Alternative DFW Contact us for a FREE quote! Signed in as: filler@godaddy.com Home Recommended Contractors Contact Us Account Bookings My Account Sign out Sign In Bookings My Account We Can Help We Can Help We Can Help We Can Help Let us keep you cool! Book Now Book with a recommened contractor We Can Help We Can Help We Can Help We Can Help Let us keep you cool! Book Now Book with a recommened contractor About Us Reliable HVAC Professionals Whether you need a maintenance check or an emerge,https://hvacalternativedfw.com/
DFW HVAC,Coppell,Texas,(817) 242-6688,http://www.dfwhvac.com/,support@dfwhvac.com,5.0,124,SUCCESS,,Repair; Maintenance; Installation,General HVAC,DFW HVAC | AC/Heating | Indoor Air Quality | Dallas - Fort Worth | Texas top of page our services A/C Repair Heat Pump Repair System Installation Indoor Air Quality Ducting Seasonal Maintenance Furnace Repair Smart Home Efficiency Additives Services Call (855)TEX-HVAC Or SCHEDULE NOW Serving DFW and surrounding areas since 1974 bottom of page,https://www.dfwhvac.com/
United Mechanical,Dallas,Texas,(214) 341-9300,https://www.unitedmechanical.com/,info@unitedmechanical.com; apply@unitedmechanical.com,4.3,49,SUCCESS,,Residential; Commercial; Repair; 24/7 Emergency; Installation; Maintenance,Residential & Commercial,"Home - United Mechanical Service you can trust. Plumbing Air Conditioning Commercial & Residential Contracting (214) 341-9300 Available 24/7, 365 days a year Service you can trust. Plumbing Air Conditioning Commercial & Residential Contracting (214) 341-9300 Available 24/7, 365 days a year Service you can trust. Plumbing Air Conditioning Commercial & Residential Contracting (214) 341-9300 Available 24/7, 365 days a year Service you can trust. Plumbing Air Conditioning Commercial & Residential Co",https://www.unitedmechanical.com/
365 Heating And Air Conditioning,,,(214) 636-1215,http://365heating-air.net/,365heatingandac@gmail.com,5.0,264,SUCCESS,,Residential; Commercial; Repair; 24/7 Emergency; Installation; Maintenance,Residential & Commercial,"HVAC Contractor | Dallas, TX | 365 Heating & Air Customer Login Book Online Customer Login Book Online Reliable Heating & Cooling Services in Dallas Stay comfortable year-round with expert HVAC services. We provide fast, efficient, and affordable heating and cooling solutions for homes and businesses. Book Online Call Us 365 Heating and Air Conditioning serving your Heating & Air Conditioning needs in Dallas, TX Why Choose Us? A black and white icon of a gear , a flower , a snowflake , and a dro",https://www.365heating-air.net/
H-Town AC Repair HVAC services Houston,Houston,Texas,(832) 404-2062,https://htownacrepair.com/,htownacrepair@gmail.com,4.8,234,SUCCESS,,Residential; Commercial; Repair; 24/7 Emergency; Installation; Maintenance,Residential & Commercial,"HVAC Services in Houston, TX | Air Conditioning and Heating Services Company Trusted HVAC Services Company in Houston, TX GET A QUOTE AC & Cooling Services Heating Services Our licenses & Achievement Celebrating a job well done H-Town AC repair Air Conditioning & Heating Service Houston LIC. #TACLB78001E (Texas Department of Licensing and Regulations) Houston HVAC services is a process that requires a lot of material expense and physical effort, as well as special attention to even the small det",https://htownacrepair.com/
Advantage Mechanical Services LLC,Houston,Texas,(281) 807-6085,http://www.uniserveac.com/,//www.google.com/maps/place/uni-serve+air+conditioning/@29.8991925; info@uniserveac.com,4.8,47,SUCCESS,,Residential; Commercial; Repair; 24/7 Emergency; Installation; Maintenance,Residential & Commercial,"Uni-Serve Air Conditioning - HVAC Repair Services Houston top of page Trustworthy, Honest HVAC Company in Houston, Texas Welcome to Uni-Serve Air Conditioning, your local HVAC specialist in Houston, Texas. Here, summer isn't just a season, it's a lifestyle. With the majority of the year feeling like summer, we understand the significance of a perfectly functioning AC and the discomfort of a broken one. That's why we're always re ady to serve you. ​ Why Uni-Serve Air Conditioning? Owned and opera",https://www.uniserveac.com/
The Chill Brothers,Houston,Texas,(844) 512-4455,https://thechillbrothers.com/ac-repair-maintenance-houston/,hello@thechillbrothers.com,4.2,234,SUCCESS,,Residential; Commercial; Repair; 24/7 Emergency; Installation; Maintenance,Residential & Commercial,"Best AC Repair and Maintenance in Houston, TX Air Conditioning Repair & Maintenance Services in Houston, TX The Chill Brothers is an HVAC industry leader with extensive experience in AC repair & services in Houston. As trusted AC installers, we ensure your system is set up correctly for optimal performance. Regular servicing & AC tune-ups are required periodically for users, and the technicians provide a thorough inspection. Our team is ready to assist you with comprehensive HVAC repair services",https://thechillbrothers.com/ac-repair-maintenance-houston/
Just-N-Time AC and Heating,Houston,Texas,(281) 908-4602,https://www.justintimeaircondition.com/?utm_source=google&utm_medium=business_profile&utm_campaign=website,admin@justintimeaircondition.com,4.9,390,SUCCESS,,Commercial; Installation; Repair; 24/7 Emergency; Maintenance,Commercial Only,"Air Conditioning Services Houston, TX | Estimates Available! Get Peace-of-Mind with Just-N-Time! With Just-N-Time AC and Heating, say goodbye to HVAC worries! Our team ensures you remain comfortable throughout the year. We offer comprehensive HVAC services, from AC and heater maintenance to insulation solutions. Your satisfaction is our goal, with our prompt services, quality installations, and dependable repairs, peace of mind comes standard. REACH OUT NOW We Are Ready To Work With You If you’r",https://www.justintimeaircondition.com/
American HVAC Staff LLC,Houston,Texas,(713) 517-2832,http://www.americanhvacstaff.com/,info@americanhvacstaff.com,5.0,14,SUCCESS,,Maintenance; Repair; 24/7 Emergency; Installation,General HVAC,"Home 1 - AMERICAN HVAC STAFF, LLC. | AC SERVICE IN HOUSTON | HVAC SERVICE IN HOUSTON | AC CONTRACTORS IN HOUSTON | AC REPAIR IN HOUSTON Get a Quote Send email Call us Now AC Services MORE DETAILS Furnace Services MORE DETAILS Indoor Air Quality MORE DETAILS New Construction MORE DETAILS MORE ABOUT Ontime at Services 24/7 Services Licensed and Insured Call us Now Our people at American HVAC STAFF are available to contact you as soon as possible I want General services Air Conditioning Furnace ser",https://www.americanhvacstaff.com/
On The Spot HVAC,Plano,Texas,(972) 955-0786,https://onthespothvac.com/?utm_source=GBP&utm_medium=GBP,//www.google.com/maps/place/on+the+spot+air+conditioning+%26+heating+plano/@32.9292833; info@onthespothvac.com,4.9,957,FAILED,HTTP 202,,,,https://onthespothvac.com/
Environmental Air Systems Inc,Houston,Texas,(713) 680-3274,http://www.environmentalair.com/,howard@environmentalair.com; service@environmentalair.com,5.0,72,FAILED,HTTP 403,,,,http://www.environmentalair.com/
CityLine Air Conditioning,Richardson,Texas,(972) 776-4455,https://citylineairconditioning.com/?utm_source=GMB&utm_medium=organic,office@citylineairconditioning.com,4.6,568,SUCCESS,,Commercial; Installation; Repair; 24/7 Emergency; Maintenance,Commercial Only,HVAC Company Richardson TX | CityLine Air Conditioning X Close Air Conditioning AC Repair AC Installation AC Maintenance Emergency AC Repair Ductless Mini Splits Heating Furnace Services Heating Repair Furnace Installation Furnace Maintenance Emergency Furnace Repair Heating Installation Heating Maintenance Emergency Heating Repair Other Services Heat Pump Repair Heat Pump Installation Indoor Air Quality Air Duct Services Air Duct Cleaning Air Filtration Air Purifiers & Scrubbers Maintenance Pro,https://citylineairconditioning.com/
Diamond Blue Air,Carrollton,Texas,(469) 200-3100,https://diamondblueair.com/?utm_source=google&utm_medium=organic&utm_campaign=gbp,techs@diamondblueair.com,4.9,159,SUCCESS,,Residential; Commercial; Installation; Repair; Maintenance,Residential & Commercial,"Diamond Blue Air - Best HVAC Services Carrollton Skip to content We Treat Our Customers Like Family! Call : (469) 200-3100 Request Service We Treat Our Customers Like Family! Call : (469) 200-3100 Request Service Diamond Blue Air A Family-Owned HVAC Company Serving DFW WE TREAT OUR CUSTOMERS LIKE FAMILY Join The Diamond Blue Family Today Request Service Our Services AC Heating Heat Pumps Commercial Request Service About Diamond Blue Air At Diamond Blue Air, we offer quality HVAC service in the D",https://diamondblueair.com/
Open To Public HVAC Parts,Dallas,Texas,(214) 340-9421,https://otp-hvac.com/,parts@otp-hvac.com,4.9,489,SUCCESS,,Repair; Installation,General HVAC,"Open To Public HVAC Parts - Troubleshoot, Repair, Save. The ""Catalog"" system is a work in progress! We do not offer shipping or online checkout. Dismiss Skip to content Call or Text 214-340-9421 You can fix it. We’re here to help. Need HVAC repair parts? We carry capacitors, motors, and compressors for brands like Rheem, Trane, Carrier, Goodman, and Lennox. Open Saturdays for your convenience! Think you need a part? We can test it! PSC Blower Motors & Condenser Motors Most ECM Blower Motors & Co",https://otp-hvac.com/
Spencer Air Conditioning & Heating,Irving,Texas,(972) 544-6921,https://spencerairconditioning.com/?utm_medium=organic&utm_source=google&utm_campaign=gbp,service@spencerairconditioning.com; careers@spencer.csmsdevelopment.com,4.9,1228,SUCCESS,,Repair; 24/7 Emergency; Maintenance,General HVAC,"24/7 AC & Heating Services in Irving, TX | Spencer Close Categories Allergy Sufferers (6) Blog (108) Comfort Maintenance Plan (13) Heating & Efficiency (24) Holidays (27) Homeowner Tips (186) HVAC (1) HVAC Repair and Replacement (52) Miscellaneous (12) Money Saving Tips (24) Recent Posts How to Save Money on Heating and Cooling Costs Common Air Conditioning Problems and Solutions What to Do If Your AC Stops Working Suddenly The Importance of Regular HVAC Maintenance Signs Your Air Conditioner Ne",https://spencerairconditioning.com/
Airtemp,,,(214) 766-3962,http://www.airtempdallas.com/,airtemp12@yahoo.com,4.9,85,SUCCESS,,Commercial; Repair; Residential; Installation,Residential & Commercial,"Dallas HVAC Contractors | Heating and Air Conditioning Services in Dallas, TX Airtemp A/C and Heating a company you can trust! Schedule Service Today! We Install, Service, Repair and Replace ALL HVAC Equipment! Call Today! Previous Next About Airtemp AC & Heating Airtemp A/C and Heating is a family owned and operated HVAC company serving the greater Dallas/Fort Worth metroplex and surrounding areas, providing air conditioning repair and service. If your system is in need of replacement, we will ",https://www.airtempdallas.com/
Coomes Air Conditioning & Heating,Duncanville,Texas,(972) 296-2604,https://www.coomesair.com/?utm_source=google-gbp&utm_medium=organic&utm_campaign=*408*coomes-duncanville,info@coomesair.com,4.9,188,SUCCESS,,Residential; Commercial; Installation; Repair; Maintenance,Residential & Commercial,"Furnace Repair Midlothian TX | Coomes Air Conditioning & Heating AC HEATING AIR QUALITY Learn about replacing your system ONLY contractors associated with THE GOOD CONTRACTORS ORGANIZATION are supported by these two very important benefits: FREE third-party Mediation services and $10,000 third-party GUARANTEE on quality! Coomes Air Conditioning & Heating Is Your Best Choice for Furnace and AC Repair in Duncanville With over 47 years of experience, Coomes Air is Midlothian's trusted source for co",https://www.coomesair.com/
Duarte's H.V.A.C Services LLC,Farmers Branch,Texas,(214) 264-9594,https://duarteshvacservices.com/,info@duarteshvacservices.com,5.0,124,SUCCESS,,Repair; Maintenance; Installation,General HVAC,"Duarte's H.V.A.C Services LLC | HVAC Contractor Call Us Message Us HVAC Contractor If you’re looking for expert cooling and heating contractors, look no further. That’s precisely what you’ll get when you hire the team at Duarte's H.V.A.C Services LLC. We’re dedicated to using our knowledge, training, and experience to make sure your HVAC systems are always running smoothly. As one of the top heating and air conditioning companies in town, we’ll stop at nothing to make sure you’re delighted with ",https://duarteshvacservices.com/
Medley Heating Air Conditioning Plumbing,Carrollton,Texas,(972) 737-5655,https://www.callmedley.com/?utm_source=organic&utm_medium=gbp&utm_campaign=medley_gbp,info@medleyac.com,5.0,1629,SUCCESS,,Maintenance; Repair; 24/7 Emergency; Installation,General HVAC,"Home - Medley Skip to content Dallas-Ft. Worth's Most Trusted HVAC & Plumbing Company Over 1,000 5 Star Reviews. Highest Rated Company in DFW. INSTANT ONLINE QUOTE Quality HVAC & Plumbing Services Heating Air Conditioning Plumbing Indoor Air Quality Attic Insulation AC Repair AC Installation Heating System Repair System Rejuvenation Heating, Air Conditioning & Plumbing Services In Carrollton At Medley, we understand that the most important elements of a comfortable home are properly working, hig",https://callmedley.com/
Air Rey Service,Farmers Branch,Texas,(469) 420-5149,https://www.airreyservice.com/,sales@airreydfw.com,4.3,527,SUCCESS,,Residential; Commercial; Installation; Repair; Maintenance,Residential & Commercial,"Texas HVAC Company | Residential & Commercial HVAC Contractors | Air Rey Schedule Your Free Inspection → Dismiss HVAC Done Right Air Conditioning & Heating Your comfort should not have to wait. We invite you to call our friendly, knowledgeable, and specially trained HVAC experts to schedule a free check-up. 469-420-5155 Contact Us Now Offering Free inspections & multiple financing options Call 469-420-5155 to speak to one of our friendly HVAC experts, schedule a no-obligation free inspection tod",https://www.airreyservice.com/
Air Pro,Houston,Texas,(713) 881-9880,https://airprohouston.com/,airpro@airprohouston.com,4.7,848,FAILED,HTTP 403,,,,https://airprohouston.com/
75 Degree AC- Houston,Houston,Texas,(713) 598-2737,https://75degreeac.com/,75degreeacservices@gmail.com,5.0,205,SUCCESS,,Residential; Commercial; Repair; 24/7 Emergency; Installation; Maintenance,Residential & Commercial,"75Degree AC – Houston AC repair & Installation Skip to content Houston’s #1 HVAC Contractor Fast, Reliable Air Conditioning & Heating Services Since 2016 GET FREE ESTIMATE TODAY CALL (713) 598-2737 ⭐ Licensed & Insured • Serving Houston & All Surrounding Areas • Same-Day Service Available Why Choose 75 Degree AC? Houston’s premier HVAC company with over 9 years of experience providing fast, reliable service with transparent pricing and 100% satisfaction guarantee. Same-Day Service Emergency repa",https://75degreeac.com/
Houston A/C and Heating,Houston,Texas,(281) 859-5757,http://www.mirtron.com/,info@mirtron.com,4.8,46,FAILED,HTTP 202,,,,http://www.mirtron.com/
Baker-Jones Co. Inc,Houston,Texas,(713) 529-3418,http://baker-jones.com/,bakerjones@sbcglobal.net,5.0,164,SUCCESS,,Residential; Commercial; Repair; 24/7 Emergency; Installation; Maintenance,Residential & Commercial,"BAKER-JONES COMAPNY, INC. | Heating & Air Conditioning Heating & air conditioning comfort specialist QUALITY THAT IS GUARANTEED REQUEST SERVICES we are the best at what we do A/C heating & repair A/c installation There is nothing like walking into a cool house after a hot Houston day, that is until your air conditioning systems fails. Read more heating repair Itâs a heater when itâs cold outside and an air conditioner when things get hot - the American Standard heat pump is one versatile pro",https://www.baker-jones.com/
Hage Energy,Houston,Texas,(713) 560-0600,https://www.hagenrg.com/,sales@hagenrg.com,5.0,202,SUCCESS,,Residential; Commercial; Repair; 24/7 Emergency; Installation; Maintenance,Residential & Commercial,"Hage Energy: Houston HVAC Services - Repair & Installation Skip to content 713-560-0600 Estimate Service 713-560-0600 Estimate Service HVAC MAINTENANCE and Installation Services in Houston, TX Plan ahead, stay COOL, save money Hage Energy is here to help. Financing Available The reviews are in We Are Open Heating Service Are you experiencing issues with your furnace, such as it emitting cold air or producing excessive noise? Don't be left in the cold! Our experienced team of air conditioning and",https://www.hagenrg.com/
Air 75,Dallas,Texas,(469) 343-0107,https://www.air75hvac.com/,contact@mysite.com; info@air75hvac.com,4.9,115,FAILED,HTTP 202,,,,https://www.air75hvac.com/
Chimney Rock Service,Houston,Texas,(713) 782-0789,https://chimneyrockac.com/?utm_source=google&utm_medium=Google_website,brian@chimneyrockac.com,5.0,57,SUCCESS,,Residential; Installation,Residential Only,"HVAC Contractor in Houston, TX | Chimney Rock Service Serving Houston, TX, since 1962! 713-782-0789 Write Us a Review Serving Houston, TX, since 1962! 713-782-0789 Write Us a Review Beat the heat with Chimney Rock Service! "" Air Conditioning "" Air Quality "" Heating "" HVAC "" Air Conditioning "" Air Quality "" Heating "" HVAC Residential HVAC Services in Houston, TX Trusted for over 55 years Chimney Rock Service is a family-owned and operated HVAC company that services Southwest Houston and the surro",https://chimneyrockac.com/
Geo Contractors LLC,Houston,Texas,(713) 729-2665,http://geocontractorsllc.com/,geo@geocontractorsllc.com,4.9,214,SUCCESS,,Residential; Commercial; Repair; 24/7 Emergency; Installation; Maintenance,Residential & Commercial,"Geo Contractors, LLC – Air conditioning, heating and much more!!! Skip to content FINANCING (+1) 713 729-2665 Service Request Air Conditioning Services We are here when you need us to service your residential and commercial properties. Request Service Schedule an appointment Your Name E-mail Phone Number Subject Description of Requirement Book Now Services Professional, courteous, and reliable services. We work hard to give homeowners and businesses in the area the best conditioning services pos",https://geocontractorsllc.com/
Dallas HVAC Parts,Garland,Texas,(214) 341-0063,https://www.dallashvacparts.com/,dallashvacparts@gmail.com,4.9,552,SUCCESS,,Repair; Residential; Maintenance,Residential Only,"Dallas HVAC Parts Dallas HVAC Parts Your trusted local destination for Air Conditioning and Heating Parts, proudly open to the public for all your HVAC needs Learn More Featured Categories Residential Air Conditioner Condensers HVAC Repair Parts & Maintenance Mini-Split Systems Shop Dallas HVAC Parts Is a heating and cooling parts supplier located in Garland, Texas. We provide heating and cooling equipment, parts, and accessories for local homeowners and HVAC contractors. LEARN MORE Contact Us N",https://www.dallashvacparts.com/
Proactive Air Conditioning,Dallas,Texas,(469) 921-1136,https://proactiveairconditioning.com/,info@proactiveairconditioning.com; +tx+75159/@32.6513957,5.0,82,SUCCESS,,Residential; Commercial; Repair; 24/7 Emergency; Installation; Maintenance,Residential & Commercial,"HVAC Services in Dallas, TX | Proactive Air Conditioning Reliable Heating and Air Conditioning Services in Dallas, Tx Your Local H V A C A C R e p a i r H e a t i n g Specialists With 15 years of experience in the home-service sector, Proactive Air Conditioning is your trusted partner for keeping Proactive Air Conditioning homes comfortable in every season. Our expert team provides top-notch HVAC solutions and home remodeling services at budget-friendly prices, ensuring comfort and reliability f",https://proactiveairconditioning.com/
Efficient Home Solutions of Dallas,Dallas,Texas,(214) 612-7493,https://ehshvac.com/?utm_source=google&utm_medium=organic&utm_campaign=ehsdallasfbmopo,info@ehshvac.com,4.8,103,SUCCESS,,Repair,General HVAC,"Plano HVAC Contractor: Heating & Cooling Company - EHSHVAC Skip to content Enhance comfort and save on energy costs Discover the perfect balance of comfort and efficiency with our HVAC solutions. (972) 235-2600 Schedule a consultation Maximize energy savings Improve indoor comfort Plano Heating and Cooling Companies You obviously have a ton of options when it comes to Plano heating and cooling companies. So, why should you turn to Efficient Home Solutions? Our main goal is to make you as comfort",https://ehshvac.com/
Dalco,Dallas,Texas,(214) 381-1445,http://www.dalcoac.com/,staff@dalcoac.com,4.5,40,SUCCESS,,Residential; Commercial; Installation; Repair; Maintenance,Residential & Commercial,"Dalco Air Conditioning & Heating Company, Dallas, TX - A Dave Lennox Premier Dealer - Servicing all air conditioning and heating systems for home or business Dalco can tell you more about energy star and what the energy star means to you, our customer Energy Star Ratings Serving North Central Texas since 1963, Dalco Air Conditioning and Heating Company has remained a family owned business with family values and friendly home town service for our customers. Providing installation of new systems, ",http://www.dalcoac.com/
TL Techs A/C & Electrical,Houston,Texas,(832) 430-9042,https://tltechs.com/,tltechsco@gmail.com,4.9,134,SUCCESS,,Commercial; Residential; Installation,Residential & Commercial,"HOME | Tltech top of page Residential - Commercial Air Conditioning HVAC & Electric HVAC systems for all your heating and cooling needs Find your ideal home comfort with our expert services — from air conditioning, furnaces, smart thermostats, and more. Learn More Electrical Services Upgrade your electrical systems with safety and innovation. From panel upgrades to lighting installations, we ensure reliable power for every need. Learn More Walk-In Coolers & Freezers Maximize your commercial oper",https://www.tltechs.com/
"Heights A/C & Heating, LLC.",,,(832) 729-0017,http://www.heightsacandheating.com/,info@mysite.com; service@heightsacandheating.com,4.9,63,SUCCESS,,Residential; Commercial; Repair; 24/7 Emergency; Installation; Maintenance,Residential & Commercial,"Houston Heights AC & Heating | Top Provider top of page Expert HVAC Services You Can Rely On Expert HVAC Services You Can Rely On Expert HVAC Services You Can Rely On Expert HVAC Services You Can Rely On Quality heating and cooling solutions for every space Request Service About Heights A/C & Heating Heights A/C & Heating is a locally owned and operated HVAC contractor based in Houston Heights, Texas. Specializing in residential and light commercial heating and air sales, service, repair, and re",https://www.heightsacandheating.com/
5 Star HVAC Contractors,Rowlett,Texas,(972) 848-9414,https://5starhvaccontractors.com/,support@5starhvaccontractors.com,4.9,1098,FAILED,HTTP 403,,,,https://5starhvaccontractors.com/
Uptown Heating & Air Conditioning,Houston,Texas,(832) 709-0236,https://www.uptownac.com/,uptownair@gmail.com; uptownair@gmail.com,4.8,2219,SUCCESS,,Residential; Installation; Repair; 24/7 Emergency; Maintenance,Residential Only,"Uptown Heating & Air Conditioning 832-709-0236 EN ES Home About FAQs About Us Contact Privacy Policy Our Representatives Our Guarantee Our Ethics Portfolio Services HVAC Installations HVAC Repairs Tune Up Plans Resources Book Appointment Carrers Blog Blog 2 Skip to content Equipment Repairs, Replace and new Installations Services & Solutions Supplies heating and Air Conditioning services with nothing but the highest Uptown Heating & Air Conditioning offers only quality and the most superior prod",https://www.uptownac.com/
Cool Master Air-conditioning & Heating LLC,Houston,Texas,(281) 868-8824,https://cool-master.us/,info@cool-master.us,4.8,81,SUCCESS,,Repair; Residential; Maintenance; Installation,Residential Only,AC & Heating Experts in Houston | Cool Master Houston's Air Conditioning and Heating Experts Delivering Reliable Comfort for Your Home Please enable JavaScript in your browser to complete this form. Please enable JavaScript in your browser to complete this form. Full Name * First Last Phone Number * Email Please write your concerns and issues with existing system that you want addressed! Get A Free Quote Home Cool Master Air-conditioning & Heating LLC 5.0 powered by G o o g l e Z R 18:29 18 Jul ,https://cool-master.us/
Grove Mechanical Services Llc,,,(214) 991-2609,https://grove-mechanical.com/,ivanibanez@grove-mechanical.com,5.0,52,SUCCESS,,Residential; Commercial; Installation; Repair; Maintenance,Residential & Commercial,"Grove Mechanical Skip to content ivanibanez@grove-mechanical.com Dallas County, Texas USA 214-991-2609 Consult Now Reliable HVAC Solutions At Grove Mechanical, we bring expertise and innovation to every heating, ventilation, and air conditioning (HVAC) project. Book Now Get HVAC Consultation Your Name Your Email Type Services HVAC Installation & Repairs New Construction HVAC Residential & Multi-Family HVAC Commercial HVAC Solutions Indoor Air Quality Services Heating & Cooling Maintenance Type o",https://grove-mechanical.com/
"Bayou City Aire, LLC",Houston,Texas,(713) 568-9437,http://www.bayoucityac.com/,info@bayoucityac.com; admin@bayoucityac.com,4.9,63,SUCCESS,,Commercial; Residential; Maintenance,Residential & Commercial,"Bayou City AC top of page AC Check Heat Check Contact Us Financing available with approved credit. Click here to apply today Call Us - 713-568-9437 1205 North Loop Houston, TX 77022 | TACLA 28539E Mail your payments to: P.O. Box 30420 Houston, TX. 77249 AC/Heat, Wine Cellar Replacement & Service in Houston,TX and surrounding cities. Servicing Residential and Light Commercial customers. The last thing you want to worry about on a hot day is whether your air conditioner is going to work or not. At",https://www.bayoucityac.com/
Sala Air Conditioning,Dallas,Texas,(214) 742-7252,https://salaair.com/,sales@salaair.com; anns@salaair.com; jason@salaair.com; jon@salaair.com; rons@salaair.com; joe@salaair.com; shaunh@salaair.com; jeffl@salaair.com; watsonfae@salaair.com,4.9,130,SUCCESS,,Repair; 24/7 Emergency; Installation,General HVAC,"Home Page - Sala Air Conditioning Skip to content A/C and Heating Contractor you can trust! - we care about your family- Book a Service Call The safe, experienced, and reliable A/C contractor. Delivering comfort for your family since 1972. Contact Us Expert A/C Repair Services in Dallas, TX Sala Air Conditioning is an air conditioning and heating service repair company in Dallas, Texas. We service, repair, maintain, and install all makes and models of heating and air equipment in Dallas, TX and ",https://salaair.com/
Dynamic Flow AC & Heating,Houston,Texas,(281) 401-9804,https://www.dynamicflowhvac.com/,service@dynamicflowhvac.com,4.9,218,SUCCESS,,Maintenance; Repair; 24/7 Emergency; Installation,General HVAC,"Dynamic Flow AC & Heating | Houston AC & Heating company | Houston, TX, USA top of page Welcome to Dynamic Flow: Your Comfort is Our Priority! CONTACT US TODAY! SCHEDULE A SERVICE TODAY Services AIR CONDITIONING We have all your cooling needs covered in Houston, Texas. HEATING We have the right heating solutions to keep you comfortable. MAINTENANCE Help your HVAC system last longer and perform better. ENERGY CONSERVATION Let our team help you go green and conserve energy at home. Houston, TX HVA",https://www.dynamicflowhvac.com/
My Texas Home Services,Dallas,Texas,(469) 992-2221,http://www.mytexashomeservices.com/,contact@mytexashomeservicesdfw.com,4.7,56,SUCCESS,,N/A,General HVAC,"Client Challenge JavaScript is disabled in your browser. Please enable JavaScript to proceed. A required part of this site couldn’t load. This may be due to a browser extension, network issues, or browser settings. Please check your connection, disable any ad blockers, or try using a different browser.",http://www.mytexashomeservices.com/
"Xtreme Air Services - HVAC, Plumbing, & Electrical",Sunnyvale,Texas,(972) 288-2263,https://xtremeairservices.com/,servicetoday@xtremeairservices.com,4.8,2313,TIMEOUT,Request timeout,,,,https://xtremeairservices.com/
Sugar Land AC and Heating,Houston,Texas,(346) 763-6305,https://sugarlandacandheating.com/,info@sugarlandacandheating.com; mymail@mailservice.com; nikki@sugarlandacandheating.com,5.0,150,SUCCESS,,Residential; Commercial; Installation; Repair; Maintenance,Residential & Commercial,"Sugar Land AC and Heating Get in touch 555-555-5555 mymail@mailservice.com English en Español es Contact us English en Español es 346-763-6305 Customer Reviews Edit Google Reviews Widget Reviews Sugar Land A/C & Heating “Always Happy to Help” Welcome to Sugar Land AC and Heating! We are your dedicated partners in ensuring your home or business enjoys optimal comfort throughout the year. With years of expertise and a commitment to excellence, our team provides top-quality air conditioning and hea",https://sugarlandacandheating.com/
Vibrant Mechanical,Houston,Texas,(281) 436-9758,https://vibrantmechanical.com/,service@vibrantmechanical.com; matt@wellnesspt.com,5.0,144,SUCCESS,,Repair; Maintenance; Installation,General HVAC,"Vibrant Mechanical | HVAC Repair | Houston, TX, USA top of page PROFESSIONAL AC REPAIR SERVICES IN HOUSTON, TX EXPERT AC REPAIRS IN HOUSTON At Vibrant Mechanical HVAC we provide expert AC repair services in Houston, TX, ensuring your air conditioning system is always running smoothly. We understand the importance of a reliable and efficient AC system in keeping the comfort and safety of your home, especially during the hot months. With a commitment to quality and customer satisfaction, our techn",https://www.vibrantmechanical.com/
Luke's Plumbing & Air Conditioning,Houston,Texas,(713) 728-6761,https://calllukes.com/?utm_source=google&utm_medium=gbp,//www.google.com/maps/place/luke's+plumbing+%26+air+conditioning/@29.8189452,4.8,243,SUCCESS,,Maintenance; Repair; 24/7 Emergency; Installation,General HVAC,"Houston Plumber Near Me | HVAC & Plumbing Company | Luke's Plumbing & Air Conditioning Servicing Houston, TX For Over 30 Years One Call. One Company. All Your Plumbing & HVAC Needs. Call (713) 686-7000 Plumbing Services From leaky faucets to full repipes, our expert plumbers provide fast, reliable solutions to keep your home’s plumbing flowing smoothly. Water Heaters Water Leaks Sewer Repair Air Conditioning Services Stay cool year-round with our comprehensive AC services, including repairs, ins",https://calllukes.com/
Houston HVAC,Houston,Texas,(346) 772-7120,http://www.callhoustonhvac.com/,info@houstonhvac.com; %20ronhvac@protonmail.com,4.9,35,SUCCESS,,Residential; Installation; Repair; 24/7 Emergency; Maintenance,Residential Only,"Trusted Heating and Cooling Company in Houston, TX Skip to content 346-772-7120 Owner's Personal iPhone Jki-facebook-light Twitter Instagram Youtube Menu Contact Us or Join our Preferred Customer List (713) 550-0809 Menu Contact Us or Join our Preferred Customer List Choose an HVAC Company With 30+ Years of Experience Heating & Cooling Company in Houston, TX Free Phone Consultations! For Harris and Surrounding Counties Get Special Low Prices! By Joining Our Preferred Customer List Save us advert",https://callhoustonhvac.com/
"Milestone Electric, A/C, & Plumbing",Dallas,Texas,(972) 587-7503,https://callmilestone.com/dallas/plumbing/,**contact-us@callmilestone.com; contact-us@callmilestone.com; media@callmilestone.com; channing@callmilestone.com,4.9,18867,SUCCESS,,Maintenance; Repair; 24/7 Emergency; Installation,General HVAC,"Dallas Plumber - Voted The Best Plumbing Service in Dallas, TX! Skip to content Voted The Best Plumbers in Dallas, TX! Plumbing A/C & Heat Electrical When looking for a plumber in Dallas, TX, you want a plumbing company that provides licensed, background-checked, and drug-tested plumbers, guarantees 100% satisfaction, and offers same-day plumbing repairs. That’s why Milestone Electric, A/C, & Plumbing is the right choice for your home—we deliver all that and more. Call Now For Service Schedule O",https://callmilestone.com/dallas/plumbing/
Hooper Plumbing & Air Conditioning,Dallas,Texas,(214) 761-6820,https://www.hooperplumbing.com/,//www.google.com/maps/place/hooper+plumbing+%26+air+conditioning/@32.848247,4.8,410,SUCCESS,,Residential; Commercial; Repair; 24/7 Emergency; Installation; Maintenance,Residential & Commercial,"Plumber Dallas | Hooper Plumbing & Air Conditioning Your Trusted Plumber in Dallas for 100 Years Hooper Plumbing & Air Conditioning – Your Trusted Plumber Dallas Welcome to Hooper Plumbing & Air Conditioning, the most reliable and professional Dallas plumber. With years of experience and a team of dedicated experts, we pride ourselves on delivering exceptional service and customer satisfaction. Whether you’re dealing with a plumbing emergency or seeking routine maintenance, our commitment to qua",https://www.hooperplumbing.com/
Chapman Air & Heat,Dallas,Texas,(214) 340-4999,https://chapmanair.com/?utm_source=googlebusinessprofile&utm_medium=organic&utm_campaign=Google+Business+Profile,info@chapmanair.com,4.6,238,FAILED,HTTP 403,,,,https://chapmanair.com/
"Village Plumbing, Air & Electric",Houston,Texas,(713) 489-9048,https://villageplumbing.com/?utm_source=google&utm_medium=organic&utm_campaign=GMBListing-Houston-TX,service@villageplumbing.com,4.8,8931,FAILED,HTTP 403,,,,https://villageplumbing.com/
Revolution Air,Houston,Texas,(713) 213-4966,http://www.revairtx.com/,service@revairtx.com; service@revairtx.com,4.8,124,SUCCESS,,Residential; Commercial; Installation; Repair; Maintenance,Residential & Commercial,"Revolution Air | We're There Revolution Air Sign In My Account Scroll REVOLUTION AIR We’re There A forward thinking company for the evolving community . 713-213-4966 HVAC-R Service, Repair, & Installation Seven Day Service No Overtime Charges Book Service Now Contact Us / Inquiry Services HVAC sERVICE Quick & Upfront Pricing Service Calls We service Residential & Commercial systems. Book an appointment online to resolve any issues you may be having having with your heating, ventilation, air cond",https://www.revairtx.com/
Blueleaf Air Conditioning & Heating,Houston,Texas,(713) 295-9728,https://callblueleafhvac.com/,info@blueleafhvac.com,4.7,89,SUCCESS,,Repair; Maintenance; Installation,General HVAC,"Houston HVAC Experts | Blueleaf Air Conditioning & Heating Services in Houston, TX | Enhance Comfort Today - Call Now 0 Comfort and Efficiency for Every Home Our Services Smart, eco-friendly climate control Energy-efficient systems that reduce monthly bills Modern Systems High-SEER cooling, for optimal convenience and savings. Fast, reliable repairs with local expertise Preventative maintenance to extend equipment life span. Testimonials ""The team at Blueleaf Air Conditioning was professional, q",https://www.callblueleafhvac.com/
K&S Heating and Air,Garland,Texas,(972) 942-8078,http://www.kandsac.com/,accounting@kandsac.com; recruiting@kandsac.com; info@kandsac.com,4.6,571,SUCCESS,,Maintenance; Repair; 24/7 Emergency; Installation,General HVAC,"K&S Heating & Air Conditioning Services in Dallas, Texas Coupons Schedule Now Online scheduling is processed on weekdays (8am - 5pm) and Saturdays (8am - noon) First Name * Last Name * Email * Phone * Street Address * Zip Code * Choose a Service * Choose a service Emergency: Need Service Preventive Maintenance New Installation Duct Work Renovation Equipment Replacement Energy Efficiency Improvements Other Preferred Day * Preferred Time * 8am - Noon Noon - 5pm Consent * I agree to the following. ",https://kandsac.com/
Mondragon Mechanical LLC,Dallas,Texas,(972) 214-7002,https://mondragonac.com/,office@mondragonac.com; jorge@mondragonac.com,4.9,514,SUCCESS,,Residential; Commercial; Repair; 24/7 Emergency; Installation; Maintenance,Residential & Commercial,"Mondragon Mechanical - AC and Heating Specialist in Dallas Skip to content 4.9 Out of 5 Based on 488 Reviews We serve RESIDENTIAL AND COMMERCIAL HVAC Install and Repair services in Dallas DFW Schedule your FREE in-home consultation today! If you need your heating or ac unit replaced, Mondragon Mechanical is here to help you. AC Maintenance Commercial Call Us Now - (972) 2147002 Schedule a visit Commercial Expert Commercial HVAC installation services for efficient and reliable systems. Learn More",https://mondragonac.com/
The Right Choice Air Conditioning And Plumbing,Farmers Branch,Texas,(972) 914-0624,https://therightchoicetexas.com/,support@therightchoicetexas.com,4.8,1141,SUCCESS,,Commercial; Installation; Repair; 24/7 Emergency; Maintenance,Commercial Only,"Home - The Right Choice Texas Plumbing From leak detection, plumbing repair and drain cleaning. Air Duct Homeowners can ensure that their air ducts are kept clean and healthy. Drains Services We offer a comprehensive range of services to meet your specific needs. AC Regular HVAC maintenance is essential to keep your system in top condition. Commercial Commercial HVAC Solutions for Efficient Climate Control Heating Regular check-ups are essential for maintaining the performance of your AC unit. P",https://therightchoicetexas.com/
billyGO Air Conditioning & Plumbing,Dallas,Texas,(214) 267-9944,https://www.billygo.com/service-area/dallas-tx/,support@billygo.com,4.7,1238,SUCCESS,,Repair; Residential; 24/7 Emergency; Installation,Residential Only,"Dallas TX Expert Home Services | billyGO Air Conditioning & Plumbing Skip to content 24/7 EMERGENCY SERVICE MEMBERS (833) 787-7188 Schedule Online Plumbing & AC Services in Dallas, Texas Get 15% Off Installations & Repairs Never Pay Retail Again Get year-round HVAC and plumbing care for just $99/year—includes 2 tune-ups, priority service, exclusive discounts, no dispatch fees, and peace of mind with billyGO. Schedule Online First Name Last Name Email Message Send Dallas, Texas AC, Plumbing & Dra",https://www.billygo.com/service-area/dallas-tx/
Quigley Heating & Air Conditioning of Dallas,Farmers Branch,Texas,(214) 526-8533,https://quigleyac.com/?utm_source=google+business+listing&utm_medium=organic&utm_campaign=click+to+website,customerservice@quigleyac.com,4.9,565,SUCCESS,,Repair; Maintenance; Installation,General HVAC,"Skip to content Expert HVAC Services in Dallas and Nearby Areas QUIGLEY HEATING AND AIR SINCE 1945 Request Service Heating Services Request Service Cooling Services Request Service Maintenance Plans Request Service ABOUT QUIGLEY A Family Tradition - Quigley Heating & Air has proudly served Dallas-area homeowners since 1945, delivering trusted HVAC repair, maintenance, and installation with three generations of family-owned excellence. Our customer-focused approach and proven planned maintenance ",https://quigleyac.com/
"Abacus Plumbing, Air Conditioning, & Electrical",Houston,Texas,(713) 812-7070,https://www.abacusplumbing.net/?utm_campaign=gmb_ab-hou_home_everyone_gmb-houston&utm_medium=gmb&utm_source=google,customerservice@abacusplumbing.net; +usa/@29.6488814; +usa/@30.0709479; +usa/@29.9629075; +usa/@30.0986406; +usa/@29.9931745; +usa/@29.704698; +usa/@29.6637344; +usa/@29.7076216; +usa/@29.9161509; +usa/@29.7908054; +usa/@29.531142; +usa/@29.977543; +usa/@29.7157089; +usa/@29.660633; +usa/@29.8896525; +usa/@29.9149365; +usa/@29.7427795; +usa/@29.8122795; +usa/@29.766314; +usa/@29.763995; +usa/@29.7684135; +usa/@29.7598042; +usa/@29.7785961; +usa/@29.6755725; +usa/@29.7096985; +usa/@29.7911139; +usa/@29.78967; +usa/@29.5724731; +usa/@29.8653246; +usa/@29.8612995; +usa/@29.7406255; +usa/@29.694569; +usa/@30.1669187; +usa/@29.6836669; +usa/@29.8648965; +usa/@30.006887; +usa/@29.7827789; +usa/@29.8371688; +usa/@29.9496537; +usa/@29.7755026; +usa/@30.0022639; +usa/@29.7688835; +usa/@29.7841666; +usa/@29.8916119; +usa/@29.9112418; +usa/@32.3979177; +usa/@30.0292465; +usa/@29.8424465; +usa/@30.024538; +usa/@30.1221607; +usa/@29.9118126; +usa/@30.0477191; +usa/@29.9551455; +usa/@30.0121649; +usa/@30.0063895; +usa/@29.7871699; +usa/@29.8041137; +usa/@29.817178; +usa/@29.6210599; +usa/@29.9558071; +usa/@30.0121747; +usa/@29.9737005; +usa/@30.0707738; +usa/@29.9037383; +usa/@29.9617752; +usa/@30.019942; +usa/@29.7575275; +usa/@29.7980508; +usa/@29.7754884; +usa/@29.7598197; +usa/@29.7201786; +usa/@29.7469677; +usa/@29.7043239; +usa/@32.8001752; +usa/@32.777376; +usa/@29.7805063; +usa/@29.7174522; +usa/@29.8695701; +usa/@29.732865; +usa/@29.8077855; +usa/@29.70198; +usa/@29.7626684; +usa/@29.6865816; +usa/@29.7444229; +usa/@29.7354918,4.7,11655,SUCCESS,,Residential; Commercial; Repair; 24/7 Emergency; Installation; Maintenance,Residential & Commercial,"Plumber Houston 713-766-3605 Abacus Plumbing, Air Conditioning & Electrical Summer HVAC Buy-Back Special Fall Tune-ups Water Heater Flush Drain Cleaning Special ABACUS : Proudly Serving Texas Since 2003! Plumbing Services » Repairs, Water Heaters, Installations, Maintenance Electricians » Electrical Safety Inspections, GFCI, Lighting AC Repair » Including Maintenance, Tune-ups and Installations Drain & Sewer » Sewer repair and clearing, camera inspections Standby Generators » Certified Generac® ",https://www.abacusplumbing.net/
"Northwind Air Conditioning, Heating & Mechanical Services",Houston,Texas,(713) 683-9474,https://www.northwindac.com/,service@northwindac.com,4.9,971,FAILED,HTTP 403,,,,https://www.northwindac.com/
Jade Air,Dallas,Texas,(214) 923-7904,http://jadeair.net/,gilbert@jadeair.net,4.8,145,SUCCESS,,Residential; Commercial; Repair; 24/7 Emergency; Installation,Residential & Commercial,"Jade Air | Home Air Conditioning Repair & Service | Dallas TX (214) 923-7904 gilbert@jadeair.net Best Air Conditioning & Heating Repair in Dallas Family Owned And Operated Call (214) 923-7904 Jade Air 24/7 Emergency Service for AC & HVAC Repairs It’s the middle of June in Dallas, and it’s a real scorcher of a day. You just got off work, and all you want to do is go home and unwind. Just as you enter your house you can feel it, the AC is off! Sweat pouring down your face, you check to see if you ",https://jadeair.net/
24 Seven AC,Houston,Texas,(713) 832-5545,https://24sevenac.net/?utm_campaign=gmb,sales@24sevenac.net,4.9,292,SUCCESS,,Residential; Commercial; Repair; 24/7 Emergency; Installation; Maintenance,Residential & Commercial,"24SevenAC: Expert AC Repair & Installation High Quality Repair Services      5/5 Call Us Now (713) 832-5545 Fill Out A Free No-Obligation Quote. Hello! Enter your information and we will get back to you shortly. I Consent to Receive SMS Notifications, Alerts from 24SevenAC. Message frequency varies. Message & data rates may apply. Text HELP to (832) 299-1570 for assistance. You can reply STOP to unsubscribe at any time. By checking this box I agree to receive occasional marketing messages f",https://24sevenac.net/
Ace Comfort Air Conditioning & Heating,Houston,Texas,(281) 658-5141,http://www.acecomfort-tx.com/,service@acecomfort-tx.com,4.9,191,SUCCESS,,Maintenance; Repair; 24/7 Emergency; Installation,General HVAC,"Houston AC & Heating Company | Fast HVAC Service - ACE Comfort Skip to content Rated 5 Stars On Google – Book Online Today! Call (281) 658-5141 AC Repair, Heating & HVAC Services in Houston, TX 100% Licensed & Insured Emergency Services Best Rates Get Your Quote Today! Reliable HVAC Service with Honest Pricing & Fast Response Across Houston Houston's Top Local AC Contractor When the scorching heat of a Houston summer strikes, having a reliable air conditioning repair service is not just a luxury",https://www.acecomfort-tx.com/
Airtron Heating & Air Conditioning,Houston,Texas,(281) 406-3331,https://airtron.com/houston/?utm_source=gmb&utm_medium=gmb-organic&utm_campaign=gmb-houston,airtrondataprivacy@resservices.com,4.8,3573,SUCCESS,,Repair; Maintenance; Installation,General HVAC,"Houston Heating & Air Conditioning Installation & Repair Skip to content call estimator schedule careers chat Airtron Houston Heating & Air Conditioning Installation & Repair Schedule Service Coupons Maintenance Plans Financing Buy Filters Online Estimator Careers Airtron Houston Heating & Air Conditioning Services HVAC Repair, HVAC Installation, and HVAC Maintenance for Houston, Texas Heating Even in Houston, having a furnace is important to keep you and your home warm and comfortable. Airtron ",https://airtron.com/houston/
Texas Strong | Air Conditioning & Heating | Houston,,,(832) 419-4488,https://texasstrongmechanical.com/hvac-services/hvac-repair-company-houston/?utm_source=organic&utm_medium=gmb,info@texasstrongmechanical.com,4.9,220,SUCCESS,,Residential; Commercial; Repair; 24/7 Emergency; Installation; Maintenance,Residential & Commercial,HVAC Maintenance Company Houston – Reliable Repairs Search for: Texas Strong AC and Heating Services​ HVAC Houston Company Best HVAC Maintenance Company Texas Strong provides high quality HVAC Houston services to meet customers needs. We have small business roots that keep us grounded and focused on the distinctive culture of every community we serve. Schedule you appointment with our HVAC experts today. Request a Quote Full Name (Required) First Phone (Required) Email (Required) How can we help,https://texasstrongmechanical.com/hvac-services/hvac-repair-company-houston/
Excel Air,Houston,Texas,(713) 300-2803,http://www.excelairconditioning.com/,info@excelairconditioning.com,5.0,429,SUCCESS,,Residential; Commercial; Repair; 24/7 Emergency; Installation,Residential & Commercial,"HVAC Contractor Houston - Excel Air Skip to content 713.300.2803 | Give us a call Houston, TX Mon - Sun: 24 hours Call or Text Now (713) 300-2803 Financing Available Free Quotes AC Repair and Installation Our AC repair and installation team is here to ensure that you stay chill and fresh no matter how hot the summer gets. Learn More Air Duct Replacement Make sure your indoor air’s clean and safe with regular air duct replacement. With the COVID-19 pandemic, sanitization and cleanliness are now m",https://www.excelairconditioning.com/
Smart Air,Houston,Texas,(281) 730-8096,https://www.houstonsmartair.com/,//www.google.com/maps/place/smart+air/@29.7227067,4.9,147,SUCCESS,,Repair; Maintenance; Installation,General HVAC,"HVAC Contractor in Houston TX | Smart Air www.houstonsmartair.com/ Smart Solutions For Your Cooling and Heating Needs Professional HVAC Services in Houston and Beyond Request Service About Us ​Many home owners consider Smart Air to be their premier choice for heating and cooling assistance. Get $25 off on your first service call with our dedicated team. Our Promise At Smart Air Cooling & Heating, we are dedicated to customer service. Our family owned and operated business has a 100% satisfaction",https://www.houstonsmartair.com/
Air Tech of Houston AC & Plumbing,Houston,Texas,(832) 680-5546,https://www.airtechofhouston.com/?utm_source=google-gbp&utm_medium=organic&utm_campaign=*19*air-tech-houston,service@airtechofhouston.com,4.9,5459,FAILED,HTTP 403,,,,https://www.airtechofhouston.com/
"All Star A/C, Plumbing & Electrical",Houston,Texas,(713) 842-9532,https://allstarairtexas.com/,sarah.newby@allstarairtexas.com,4.9,1704,FAILED,HTTP 403,,,,https://allstarairtexas.com/
"A/C Rescue, Inc.",Dallas,Texas,,https://acrescue.net/,ac.rescue.office@gmail.com,4.3,676,FAILED,HTTP 403,,,,https://acrescue.net/
Moss Heating & Cooling,Dallas,Texas,(972) 733-6802,https://www.askmoss.com/?utm_source=google&utm_medium=gbp&se_campaign=GBP,sales@askmoss.com,4.9,851,SUCCESS,,Commercial; Installation; Repair; 24/7 Emergency; Maintenance,Commercial Only,"Moss Heating & Cooling Services in Dallas, TX When You Have to Get It Right, Get Moss. Offering 5-Star Service To The Entire DFW Metroplex Book Online 972-465-9966 0% APR for 60 Months For Installs and Replacements Book Now Expires: Nov 30, 2025 See Disclaimer For Details Financing Available We make it easy to stay comfortable year-round with flexible financing options tailored to your needs. Ask us how you can enjoy today’s upgrades without the upfront stress. Start Financing Today Maintenance ",https://www.askmoss.com/
Dallas Plumbing & Air Conditioning,Dallas,Texas,(214) 466-7557,https://www.dallasplumbing.com/dallas/?utm_source=organic&utm_medium=organic&utm_campaign=dallas&utm_id=gbp,service@dallasplumbing.com,4.6,1100,SUCCESS,,Repair; Installation,General HVAC,"Dallas ac replacement tips | Dallas Plumbing & Air Conditioning Skip to content Over 1000+ reviews on Blog Since 1903 We've Been THE Trusted Home Services Experts Across Dallas. Get an Estimate! (469) 213-2459 Send us a message and we will give you a call! Provide us with the following information. Name Zipcode Email Phone Number Message Acceptance By submitting this form and signing up for texts, you consent to receive text messages from Dallas Plumbing & Air Conditioning at the number provided",https://dallasplumbing.com/dallas-ac-replacement-tips/
Royal Air Houston,Houston,Texas,(832) 334-5959,https://www.royalairhouston.com/,info@royalairhouston.com; info@royalairhouston.com,4.6,7998,SUCCESS,,Commercial; Maintenance; Residential; Installation,Residential & Commercial,"Houston Air Conditioning | Royal Air Houston UNBEATABLE PRICE ? NEED AN Residential & Commercial PROUDLY Houston And Surrounding Areas SERVING Welcome to Royal Air Houston. Royal Air Houston is a leader of Air conditioning and Heating in the Greater Houston and surrounding areas. We provide quality HVAC service and maintenance with skilled personnel having over 15 years experience in the heating & air conditioning industry. Cooling We are a fully-licensed, bonded and insured air conditioning con",https://www.royalairhouston.com/
Alpha Heating & Cooling Llc. HVAC Dallas,Dallas,Texas,(214) 945-8799,https://alphahvac.site/,alphahvac@mail.com; filler@godaddy.com,5.0,105,SUCCESS,,Residential; Commercial; Repair; 24/7 Emergency; Installation; Maintenance,Residential & Commercial,Alpha Heating & Cooling LLC - HVAC Experts Contact Alpha Heating & Air Conditioning Inc for a FREE quote on all your heating and cooling needs. Trust Alpha Heating and Cooling for reliable service and expertise in HVAC solutions. Signed in as: filler@godaddy.com Home Services Contact Us Financing Available Account Bookings My Account Sign out Sign In Bookings My Account 2146638328 Alpha Heating & Cooling LLC - Your Comfort is Our Priority Alpha Heating & Cooling LLC - Your Comfort is Our Priorit,https://alphahvac.site/
Rescue Air and Plumbing,Dallas,Texas,(972) 201-3253,https://www.rescueairtx.com/,info@rescueairtx.com; joshc@rescueairtx.com,4.9,3594,SUCCESS,,Residential; Commercial; Repair; 24/7 Emergency; Installation; Maintenance,Residential & Commercial,"Heating & Air Conditioning in Dallas | Rescue Air Heating, Cooling & Plumbing The video shows a commercial building with the Rescue Air letters and sign. Multiple trucks wrapped with the Rescue Air branding are parked and a couple of them are driving away. The next shot shows a technician putting on gloves and a face mask, then he sprays the inside of a Rescue Air truck to disinfect it. An aerial shot shows Rescue Air trucks driving through residential neighborhoods and one of them parks in fron",https://www.rescueairtx.com/
Quality 1 Energy Systems Heating & Air Conditioning,Dallas,Texas,(214) 698-2731,https://www.q1es.com/,service@q1es.com,4.9,340,FAILED,HTTP 403,,,,https://www.q1es.com/
Metro Air Conditioning Heating & Services,Dallas,Texas,(214) 304-7658,https://www.metroacs.com/,info@metroacs.com,4.8,316,SUCCESS,,Residential; Commercial; Repair; 24/7 Emergency; Installation; Maintenance,Residential & Commercial,"AC Contractors Grand Prairie, TX | Waxahachie, TX (214) 304-7658 Financing Options Maintenance Plans 24/7 Emergency Service Financing Options Maintenance Plans 24/7 Emergency Service (214) 304-7658 AC Contractors in Waxahachie, TX and Surrounding Areas 24/7 Emergency Services Financing Options Free Estimates 100% Satisfaction Guarantee 5% Senior and Military Discounts 24/7 Emergency Services · Financing Options · Free Estimates 100% Satisfaction Guarantee · 5% Senior & Military Discounts Call No",https://www.metroacs.com/
Aire Serv of Dallas,Dallas,Texas,(214) 838-7191,https://www.aireservdallas.com/,dallas.tx@aireservdallas.com,4.8,247,SUCCESS,,Residential; Commercial; Repair; 24/7 Emergency; Installation; Maintenance,Residential & Commercial,"Trusted Local HVAC Company in Dallas, TX | Aire Serv 4.9 RATING 4.7 RATING 4.6 RATING Professional Heating & Cooling Services Get the job done right the first time. Aire Serv provides professional heating & cooling services in the Dallas, TX area. Learn More 4.9 RATING 4.7 RATING 4.6 RATING Trusted Local HVAC Company in Dallas, TX Do you need reliable HVAC services in the Dallas, TX area? Call Aire Serv now. Learn More 4.9 RATING 4.7 RATING 4.6 RATING Residential & Commercial HVAC Services in Da",https://www.aireservdallas.com/
Serveway Heating and Air Conditioning,Dallas,Texas,(469) 231-9379,https://www.servewayhvac.com/?utm_source=google&utm_medium=organic&utm_campaign=gbp,dispatc@srvewayhvac.com,4.9,366,SUCCESS,,Repair; Maintenance,General HVAC,"HVAC Service Company Dallas, TX | Serveway Heating & Air Skip to content Service The Right Way 5 Star Rated Flexible Financing Options Preventative Maintenance Membership Request Service Our Services 5.0 / 5 240 Reviews Air Conditioning Heating Indoor Air Quality (469) 231-9379 Request Service Why Choose ServeWay HVAC 100% Satisfaction Guaranteed Local and Family Owned Licensed and Insured EPA Certified (469) 231-9379 Request Service Maintenance Membership Seasonal Heating and Cooling System Mai",https://www.servewayhvac.com/
AAD Heating & Air Conditioning,Houston,Texas,(713) 379-1862,https://aadheatingairconditioning.xyz/,info@evokeheatingairconditioninglehi.site; info@aadheatingairconditioning.xyz,5.0,45,SUCCESS,,Residential; Commercial; Repair; 24/7 Emergency; Installation; Maintenance,Residential & Commercial,"Hvac Contractor - AAD Heating & Air Conditioning Air Conditioning Repair & Service in Houston TX Request a Estimate today Get Started Heating and Air Conditioning Repair Houston Learn More Heat Pumps Or Pumps Service and Maintenance Furnace and Air Conditioning Check Ups ,hvac One Stop Specialty Center AAD Heating & Air Conditioning Repair Services Air Conditioning Repair When your AC starts blowing warm air, making strange noises, or refusing to turn on, prompt air conditioning repair can make ",https://aadheatingairconditioning.xyz/
Atlas AC Repair LLC,Austin,Texas,(512) 265-1887,https://atlasacrepair.com/,info@atlasacrepair.com,5.0,471,FAILED,HTTP 403,,,,https://atlasacrepair.com/
Green Collar Operations,Austin,Texas,(512) 986-7045,https://greencollaroperations.com/?utm_campaign=gmb&utm_medium=organic&utm_source=gmblisting,admin@greencollaroperations.com,4.8,65,SUCCESS,,Installation,General HVAC,"Green Collar Operations | Austin's Energy Experts 0 Trusted Experts in Weatherization Family-Owned & Operated Since 2008 Green Collar Operations has proudly served the Austin and greater Austin area with expert weatherization and energy efficiency solutions for over a decade. As a family-owned and operated business , we are dedicated to keeping your home comfortable year-round while helping you save on energy costs. Join hundreds of Austin homeowners who trust us to deliver sustainable solutions",https://www.greencollaroperations.com/
Austin Air Conditioning,Pflugerville,Texas,(512) 688-6242,http://austinairconditioning.com/?utm_source=gmb&utm_medium=organic,info@austinairconditioning.com,4.9,1217,FAILED,HTTP 403,,,,http://austinairconditioning.com/
One Hour Air Conditioning & Heating of Dallas,Carrollton,Texas,(682) 327-0948,https://www.onehourairdallas.com/?utm_source=organic&utm_medium=gbp,customerservice@onehourair.com,4.9,1061,FAILED,HTTP 403,,,,https://www.onehourairdallas.com/
Austin Refrigeration & Air Conditioning,,,(512) 837-0036,http://www.austinrefrigeration.us/,arimark2@gmail.com,4.9,121,SUCCESS,,Commercial; Installation; Repair; 24/7 Emergency; Maintenance,Commercial Only,"HVAC Contractor Austin, TX | Financing Options | Austin Refrigeration Skip to content Austin, TX Mon - Sun: 24hrs (512) 837-0036 Heat Pump and Mini Splits Furnace Services Duct Services Air Quality Furnace Services We offer expert repair and installation services for both gas and electric models. Learn More Heat Pump and Mini Splits Count on us to install a quality heat pump or mini split system. Learn More Conventional Split and Zoning Explore the many benefits of zoned heating and cooling in y",https://www.austinrefrigeration.us/
Hill Country Pro HVAC,Austin,Texas,(512) 244-3436,http://hcprohvac.com/,info@geminimech.com,4.6,29,SUCCESS,,Commercial; Repair; Maintenance; Installation,Commercial Only,"Home Page - Hill Country Pro Hvac BUILD TOGETHER Our Method is to Build Together with Integrity Request Service 20+ YEARS SERVICING THE AUSTIN AREA FOR HVAC & REFRIGERATION Same-Day Service Guaranteed Call (512) 244-3436 HOW MUCH ARE YOU PAYING FOR ENERGY COSTS? Schedule a FREE HVAC System Diagnosis Schedule Now UT AIR PURIFIER INSTALLATION PROJECT Learn how Hill Country Pro HVAC – HVAC Service is helping UT Athletics kill COVID and protect staff, students, and fans. Read Now BUILT ON INTEGRITY ",https://hcprohvac.com/
"All American AC & Heating, LLC.",Houston,Texas,(281) 968-4505,https://allamericanacandheat.com/,allamericanacandheatusa@gmail.com,4.8,955,SUCCESS,,Residential; Commercial; Repair; 24/7 Emergency; Installation; Maintenance,Residential & Commercial,"HVAC Contractor Houston TX | All American AC & Heating Houston, TX 77084 allamericanacandheatusa@gmail.com Follow US: Facebook Youtube Instagram Tiktok Yelp Google emergency? (281) 968-4505 Most Reliable Fast Service Best Pricing Service is our goal We’re a family-owned and operated HVAC company proudly partnered with Optimus Contractor Financing. We offer reliable residential and commercial services, including repair, installation, and routine maintenance for all air conditioning and heating sy",https://allamericanacandheat.com/
"Abacus Plumbing, Air Conditioning, & Electrical",Austin,Texas,(512) 943-7070,https://www.abacusplumbing.com/?utm_campaign=gmb_ab-atx_home_everyone_gmb-austin&utm_medium=gmb&utm_source=google,info@abacusplumbing.com,4.8,5611,SUCCESS,,Residential; Commercial; Repair; 24/7 Emergency; Installation; Maintenance,Residential & Commercial,"Plumber, Austin (512) 943-7070 Abacus Plumbing Air Conditioning & Electrician Services Austin Texas Fall Financing Fall Tune-ups Water Heater Flush Drain Cleaning Special Plumbing Services Repairs, water heaters, installation, maintenance AC Repair Maintenance, tune-ups and installations Standby Generators Certified Generac® Installation & Maintenance Electricians Electrical safety inspections, GFCI, lighting Drain & Sewer Sewer repair and cleaning, camera inspections Water Quality Water Softene",https://www.abacusplumbing.com/
Pole Of Cold Mechanical Inc.,,,(512) 573-5432,https://www.poleofcoldac.com/,info@poleofcoldac.com,5.0,16,SUCCESS,,Residential; Commercial; Repair; 24/7 Emergency; Installation; Maintenance,Residential & Commercial,"Pole of Cold Mechanical - HVAC Contractors, Heating Contractor, Air Conditioning Contractors, Hvac Contractors Pole Of Cold Mechanical Locations Customer Satisfaction Contact Us Florida Colorado Texas Expert HVAC Services for Home and Business. Expert HVAC Services for Home and Business. Expert HVAC Services for Home and Business. Expert HVAC Services for Home and Business. Reliable heating and cooling solutions across The United States. Get a Quote 305-972-6470 Expert HVAC Services for Home and",https://poleofcoldac.com/
Indoor Weather Professionals,Austin,Texas,(512) 528-8288,https://indoorweatherpros.com/,office@indoorweatherpros.com,4.4,74,SUCCESS,,Commercial; Repair; Residential; Installation,Residential & Commercial,"Homepage – Indoor Weather Professionals Air Conditioning Repair, System Design, & Installation Schedule Now Residential Construction Commercial Our HVAC Services We diagnose and fix problems, communicate honestly, and never recommend repairs or replacements you don’t need. Repair Broken AC? Bring it on! We fix ACs all day, everyday Build From design to final testing, we've got you covered Replace Because sometimes you have to buy a new one Maintain It's a thing. It really does help to extend the",https://indoorweatherpros.com/
Ideal Aircare,Austin,Texas,(512) 789-0365,https://www.idealaircare.com/,ed@idealaircare.com,4.8,81,SUCCESS,,Residential; Installation; Repair; 24/7 Emergency; Maintenance,Residential Only,"Austin Heating and Air Conditioning Services | Ideal Air Care 7am - 7pm / 7 days a week TACLB #64661E | Licensed, Bonded, and insured About Service & Repair Installation Contact (512) 789-0365 Spring Tune-up Special! Local, Reliable heating and Air Service Serving the Austin area since 2007 with honesty and integrity. All work is 100% guaranteed. Request a quote Service/Repair Installation Ideal Air Care At Ideal Air Care, it is our goal to provide honest and affordable heating and air condition",https://www.idealaircare.com/
Capitol Cooling LLC,,,(512) 937-6928,https://capitolcooling.com/,info@capitolcooling.com,5.0,128,SUCCESS,,Residential; Commercial; Repair; 24/7 Emergency; Installation; Maintenance,Residential & Commercial,"Top Commercial HVAC Companies in Austin | Capitol Cooling Services Skip to content Austin, TX 78744 24/7 Emergency Services Facebook-f Instagram Pinterest Linkedin Edit Content (512) 937-6928 Request Now (512) 937-6928 Request Now Leading Commercial HVAC Company in Austin, TX Keep Your Space Comfortable Throughout the Seasons We make sure your air conditioning and heating systems are running at their absolute best. Whether you need HVAC maintenance, upgrades to your existing system, or repairs, ",https://capitolcooling.com/
AC Express,Cedar Park,Texas,(512) 452-2653,https://www.austinacexpress.com/?utm_source=GMB&utm_medium=organic&utm_campaign=cedar_park,austinacexpress@gmail.com,4.7,231,SUCCESS,,Maintenance; Repair; 24/7 Emergency; Installation,General HVAC,"Austin Heating and Cooling Services, HVAC Experts | AC Express Fast & Reliable Heating and Cooling Services We have built a reputation of speedy, effective and friendly service in our community. Turn to AC Express for all your heating and cooling services! Get Service Air Conditioning Heater Maintenance & Tune-Up Heating Call AC Express: Your Local HVAC Service Technicians! If your air conditioner or heater isn’t working properly, you shouldn’t hesitate to reach out for help. At AC Express, we c",https://www.austinacexpress.com/
Castillo Service,Austin,Texas,(512) 441-6118,http://www.castilloserviceforac.com/,castilloserviceforac@gmail.com,4.9,55,SUCCESS,,Residential; Commercial; Repair; 24/7 Emergency; Installation; Maintenance,Residential & Commercial,"We Do Service Right! Air Conditioning & Heating « Castillo AC Service WE DO SERVICE RIGHT! Contact Us Our Services Mon-Fri: 8:00AM - 6:00PM After hours, weekends and holiday overtime rates apply. Get Warranty Register Your Warranty Call Today 512-441-6118 1105 Milford Way, Austin, TX 78748 License #TACLB6767E Schedule an Appointment Quality that is Guaranted Need Emergency Service? For Faster Response Call 512-426-6016 512-426-6016 Contact Us Emergency services Heating & Air Conditioning Repair ",https://www.castilloserviceforac.com/
"Service Wizard Air Conditioning, Heating, and Plumbing",Austin,Texas,(512) 399-6554,https://servicewizardac.com/?utm_source=google&utm_medium=gmb&utm_campaign=WIZ_ORG_EVER_A_Austin_GBP,info@servicewizardac.com,4.9,182,FAILED,HTTP 403,,,,https://servicewizardac.com/
Unlimited Air Conditioning and Heating,Dallas,Texas,(945) 998-7066,https://www.unlimitedairandheating.com/,mariscal_frank@yahoo.com,4.8,243,ERROR,"('Connection aborted.', RemoteDisconnected('Remote end closed connection without response'))",,,,https://www.unlimitedairandheating.com/
ON AIR HVAC - Pflugerville | Round Rock | Austin | Georgetown,Pflugerville,Texas,(512) 598-1315,https://onairhvac.com/,seoteam@welcomehomesocial.com,5.0,185,SUCCESS,,Repair; Residential; Maintenance; Installation,Residential Only,"OnAir HVAC — Expert Air Conditioning & Heating Services in Austin, TX +1 (512) 598-1315 Facebook Facebook Air conditioning & HVAC Contractor in Pflugerville| Georgetown |Round Rock| Austin TX Book online On Air HVAC ON AIR HVAC Services One-Stop-Shop for All Your Air Conditioning Needs At On Air HVAC, we offer a wide range of air conditioning services to keep your home cool and cozy all the time. Air Conditioning and Heating Repairs Get your Air conditioning and heating repair in Pflugerville, A",https://onairhvac.com/
"AUSTIN STAR SERVICES, LLC",,,(512) 203-0765,https://austinstarservices.com/,info@austinstarservices.com; info@austinstarservices.com; info@austinstarservices.com; info@austinstarservices.com,4.8,27,SUCCESS,,Residential; Commercial; Repair; 24/7 Emergency; Installation; Maintenance,Residential & Commercial,"Home | Austin Star Services Austin Star Services Making Homes Safer, Healthier, Smarter and More Efficient Contact Us Today 512-203-0765 Info@AustinStarServices.com Skip to content Austin Star Services is a premier Heating and Air Conditioning company in the Austin area. We’re known for delivering high-quality results while consistently keeping up to date with changes of technology, and consider ourselves the energy professional company you can trust. We go out of our way to do what’s best for y",https://austinstarservices.com/
"Cool Choice Heating and Air, LLC",Austin,Texas,(512) 947-7830,http://www.cool512.com/,jwellstrevino@gmail.com,5.0,48,SUCCESS,,Maintenance; Repair; 24/7 Emergency; Installation,General HVAC,"Cool Choice LLC | Expert Heating & Cooling Services (512) 947-7830 Book Online (512) 947-7830 (512) 947-7830 Book Online Cool Choice Heating and Air HVAC Services Book Online Cool Choice LLC serving your Heating & Air Conditioning, Home Energy, Weatherization and Insulation needs in Texas Cool Choice LLC serving your Heating & Air Conditioning, Home Energy, Weatherization and Insulation needs View all services Heating Stay warm with our professional heating services, including installation, repa",https://www.cool512.com/
Varsity Zone HVAC of Round Rock,Austin,Texas,(737) 352-5294,https://www.varsityzone.com/round-rock-tx/,help@varsityzone.com,5.0,79,SUCCESS,,Repair; Maintenance; Installation,General HVAC,"HVAC Company in Round Rock, TX | Varsity Zone HVAC Win Big on Comfort with Varsity Zone HVAC Your Round Rock Heating & Cooling Experts Book Now Tech-Powered Comfort Predictive maintenance alerts and the latest tech keep your space comfortable season after season. Your HVAC Play-By-Play You’ll never miss a play in your HVAC game with real-time service updates and tracking. Ticket to Guarding your Comfort Stay in the lead with our Season Ticket Maintenance Plan and guarantees, ensuring peak perfor",https://www.varsityzone.com/round-rock-tx/
Arrow Service Center,Austin,Texas,(512) 832-1000,https://www.arrowsvccenter.com/,info@arrowservicecenter.com,4.7,347,SUCCESS,,Commercial; Installation; Repair; 24/7 Emergency; Maintenance,Commercial Only,"HVAC Arrow Service Center Austin, TX A+ Rating With The BBB Pay Online A+ Rating With The BBB Call Us Serving Austin and surrounding areas Call Us (512) 832-1000 Serving Austin and surrounding areas 24/7 Same-Day Emergency Service Senior and Military Discounts 100% Satisfaction Guaranteed A+ Rating With The BBB Call Us (512) 832-1000 Text Us (512) 669-1300 HVAC & Plumbing Services $50 OFF On Any Repair Free Service calls (wITH REPAIRS) Text Us (512) 669-1300 Request Appointment Hero Request Form",https://www.arrowsvccenter.com/
Cool Atmosphere Heating and Air,Leander,Texas,(512) 260-2962,https://www.coolatmosphereheatingandair.com/,info@austinairconditioning.com,4.9,414,FAILED,HTTP 403,,,,https://www.coolatmosphereheatingandair.com/
Quality Living Services (QLS) HVAC,Austin,Texas,(512) 928-4580,http://www.qualitylivingservices.com/,qls-hvac@sbcglobal.net,4.8,267,SUCCESS,,Commercial; Residential; Maintenance,Residential & Commercial,Home Home About Residential Commercial Maintenance Rebates Contact Texas Summer Heat is Coming... Texas Summer Heat is Coming... Enroll In Our Maintenance Program ​​​​​​ See what some of our customers are saying: Get your systems ready for the HEAT! Request Service Online ​ 512-928-4580 Texas is HOT! Maintenance is a MUST! Keep your system running efficiently with an Air Conditioning ​ Tune Up Call QLS today to schedule 512-928-4580​ Home About Residential Contact Commercial Rebates Maintenance ,http://www.qualitylivingservices.com/
Chuck's Air Conditioning,Buda,Texas,(512) 453-2288,http://www.chucksac.com/,chuck@chucksac.com,5.0,490,SUCCESS,,Residential; Installation; Repair; 24/7 Emergency; Maintenance,Residential Only,"Air Conditioning AC & Heating Repair Services, Central Air Conditioner Installation Company Austin TX – Chucks AC Skip to content We've been in Business for over 42 Years AC Repair Austin TX Book Now Servicing Austin and Surrounding Areas, Including Buda, Round Rock, Kyle, and San Marcos 5.0 470 Reviews Heating And Cooling Service in Austin TX Servicing all brands for Residential Homes Since 1984, Chucks AC has been the trusted choice for air conditioning and heating repair services in Austin, T",https://chucksac.com/
"Turbo Plumbing , Air Conditioning, Electrical & HVAC Repair Services Austin",Austin,Texas,(512) 553-4999,https://turbohomeservices.com/,info@turboplumbing.net; info@turboplumbing.net,4.8,34,SUCCESS,,Residential; Commercial; Repair; 24/7 Emergency; Installation; Maintenance,Residential & Commercial,"Turbo Home Services: Houston HVAC & Plumbing Solutions Skip to content Professional HVAC & Plumbing Solutions You Can Trust Serving Houston with fast, reliable service backed by experience. REQUEST A FREE ESTIMATE CALL US : (281) 721-4008 Licensed & Insured We are totally licensed and insured for your peace of mind. You can trust that your home is in safe, qualified hands. Quality Service We deliver top-tier workmanship on every job, from routine maintenance to complete system installations. Our",https://turbohomeservices.com/
"Frostymist Air Conditioning & Heating, LLC",Austin,Texas,(512) 963-0376,http://www.frostymist.com/,frostymist@protonmail.com,4.9,171,SUCCESS,,Residential; Commercial; Installation; Repair; Maintenance,Residential & Commercial,"AC Repair Austin TX | Frostymist LLC Skip to primary navigation Skip to main content Navigation Frosty mist Air Conditioning & Heating Expert Techs Commitment to You For Your Air Conditioning and Heating Repairs We prioritize fast, efficient service, and our team of expert HVAC technicians are dedicated to getting your system running smoothly again. Plus, we stand behind our work – most of the parts we replace during repairs come with a comprehensive 5-year warranty, covering both parts and labo",https://www.frostymist.com/
Young Bucks Heating and Air LLC,Austin,Texas,(512) 667-4919,http://www.youngbuckshvac.com/,filler@godaddy.com,4.9,38,SUCCESS,,Residential; Commercial; Installation; Repair; Maintenance,Residential & Commercial,"Young Bucks Heating And Air LLC 512-667-4919 Signed in as: filler@godaddy.com Home FAQ Account Bookings My Account Sign out Sign In Bookings My Account Maximize Your Comfort Maximize Your Comfort Maximize Your Comfort Maximize Your Comfort Schedule Service About Young Bucks Heating & Air LLC Our Story Our Guarantee Our Services Established in 2020, Young Bucks Heating And Air LLC has been providing top-notch heating and air conditioning services to the local community. Our team of certified tech",https://youngbuckshvac.com/
The Solution Finders AC & Heating,Austin,Texas,(512) 543-2651,https://callsolutionfinders.com/?utm_source=google&utm_medium=organic&utm_campaign=gmb,%20thesolutionfinders@outlook.com; thesolutionfinders@outlook.com,5.0,185,SUCCESS,,Commercial; Repair; Maintenance; Installation,Commercial Only,"Home - The Solution Finders AC & Heating Skip to content Home Energy Savings (512) 543-2651 Schedule Service (512) 543-2651 Schedule Service Home Energy Savings (512) 543-2651 welcome to Solution finders AC & Heating AC Repair in Austin TX and surrounding areas Schedule A Service (512) 543-2651 Ac Conditioning By focusing on air conditioning services as a core offering, we enhance indoor comfort while improving energy efficiency, ensuring a cool environment and lower energy costs. Learn More Hea",https://callsolutionfinders.com/
AC Superheroes,Austin,Texas,(512) 734-4507,https://www.acsuperheroestx.com/?utm_source=google&utm_medium=organic&utm_campaign=local+listings,contact@acsuperheroestx.com,4.9,250,SUCCESS,,Residential; Commercial; Repair; 24/7 Emergency; Installation; Maintenance,Residential & Commercial,"HVAC Company in Austin, TX | AC Superheroes Keeping Your Family Safe And Comfortable At AC Superheroes, we specialize in providing top-notch AC repair and maintenance services. Our team of skilled technicians is dedicated to ensuring your comfort and satisfaction. Schedule Service Financing Available What Our Clients Say Hear from our satisfied customers about their experiences. Lucas arrived promptly time that he quoted to the Wonderful job. I am very satisfied with the job that he did and expl",https://www.acsuperheroestx.com/
TemperaturePro Austin,Austin,Texas,(512) 515-9807,https://temperatureproaustin.com/?utm_source=google&utm_medium=organic&utm_campaign=gbp,keepaustincool@tprowa.com,4.9,351,FAILED,HTTP 403,,,,https://temperatureproaustin.com/
ABA Heating and Cooling,Austin,Texas,(512) 200-9332,https://abaaustin.com/,customerservice@abaaustin.com,4.7,242,FAILED,HTTP 202,,,,https://abaaustin.com/
Grande Air Solutions,Pflugerville,Texas,(512) 677-4424,https://grandeairsolutions.com/?utm_source=google&utm_medium=organic&utm_campaign=gbp-website-click,officeadmin@grandeairsolutions.com,4.9,568,SUCCESS,,Residential; Installation; Repair; 24/7 Emergency; Maintenance,Residential Only,"Air Conditioning Repair Service & HVAC Contractor in Austin TX | Grande Air Solutions TOP-RATED 24/7 Emergency (512) 677-4424 Financing Options Check Now Current Offers Save BIG! Book Now TOP-RATED COMPANY Call 24/7 Line Check Offers book Service Air Conditioning Repair Service & HVAC Contractor in Austin, TX Fast, reliable air conditioning repair service in Austin TX. Grande Air Solutions delivers expert AC repair, installation, heating, and indoor air quality solutions for homeowners across Gr",https://grandeairsolutions.com/
Cool Champs Inc.,Austin,Texas,(512) 568-6927,http://www.coolchamps.com/,regan@coolchamps.com,5.0,57,ERROR,"HTTPSConnectionPool(host='www.coolchamps.com', port=443): Max retries exceeded with url: / (Caused b",,,,http://www.coolchamps.com/
Petrocelli Services Inc.,Leander,Texas,(512) 836-1414,https://petrocelliservices.com/?utm_source=gbp&utm_medium=organic,beckie@petrocelliservices.com; accounting@petrocelliservices.com,4.9,219,SUCCESS,,Commercial; Residential; 24/7 Emergency; Installation,Residential & Commercial,"Petrocelli Services, Inc. | HVAC Company in Austin, TX skip to Main Content Available 24/7/365. Call Today! (512) 836-1414 Click for Financing Your Trusted HVAC Company in Austin, Texas Schedule Service Promotions Beckie, Joe, and Family Residential Sales and service for homes of all sizes Commercial Professional installation and service for all your business needs Construction HVAC installation for projects large and small. We proudly partner with Jenkins Design Build – Austin Architects for ar",https://petrocelliservices.com/
Trinity Inc,,,(512) 769-4118,https://trinityheatac.com/,info@trinityheatac.com,5.0,144,SUCCESS,,Installation,General HVAC,Trinity Heating & Air Conditioning | HVAC Solutions | Austin Get a Free Quote (512) 769-4118 Facebook Instagram Facebook Instagram Trinity Heating & Air Conditioning Our Air Care Is Beyond Compare Get in Touch Is your heater or air-conditioner on the fritz? Are you looking for ways to improve your indoor air quality or regulate your temperature? Trinity Heating & Air Conditioning is an Austin-based HVAC business specializing in keeping your airflow and temperature tuned to your needs. Our compan,https://trinityheatac.com/
Eco Air Conditioning,Austin,Texas,(512) 586-3449,https://ecoacaustin.com/,hello@ecoacaustin.com,4.9,168,SUCCESS,,Residential; Commercial; Repair; 24/7 Emergency; Installation; Maintenance,Residential & Commercial,"Eco Air: Austin AC Repair, Installation & Service Skip to content Facebook-f Yelp Instagram hello@ecoacaustin.com 7509 Thomas Springs Road Austin, TX 78736 (512) 586-3449 GET YOUR FREE ESTIMATE Eco Air Conditioning – Austin's Trusted HVAC Experts Delivering reliable, energy-efficient heating and cooling solutions with precision, professionalism, and care. GET YOUR FREE ESTIMATE Welcome to Eco Air Conditioning Proudly serving the Austin community with dependable HVAC solutions built to last. Qual",https://ecoacaustin.com/
"Resilience Heating and Cooling, LLC",Austin,Texas,(512) 994-9692,http://www.resiliencehvac.com/,resiliencehvac@gmail.com,5.0,135,SUCCESS,,Residential; Installation; Repair; 24/7 Emergency; Maintenance,Residential Only,"Resilience HVAC | The Best HVAC Service Near You Call us Today 512-994-9692 CONNECT WITH US Get a free quote Free estimate Call us Today 512-994-9692 CONNECT WITH US Resilience Heating and Cooling, LLC We promise to complete your HVAC needs as quickly and on time. We respond to calls within hours, not days. We provide services for home or business. Our staff will schedule a service call at your earliest convenience. You can expect us to be on time and ready to work. Read more Get started Install",https://resiliencehvac.com/
Gold Eagle Services,Austin,Texas,(737) 387-3324,https://goldeagleservices.com/?utm_source=google&utm_medium=organic&utm_campaign=gbp,careersgoldeagle@gmail.com,4.8,377,FAILED,HTTP 403,,,,https://goldeagleservices.com/
Altabra Air Conditioning,Austin,Texas,(512) 822-9654,https://www.altabra-cooling.com/,hvac@altabra-cooling.com; aaltabra@gmail.com,5.0,134,SUCCESS,,Residential; Commercial; Repair; 24/7 Emergency; Installation; Maintenance,Residential & Commercial,"G-B0THXV046M Austin Air Conditioning | HVAC Repair Near Me GTM-WDGMR3KZ top of page Ac Repair Our HVAC techs have received their EPA Certificate, which means they rank among the leaders in the HVAC trade. They have the experience to get their work correctly the first time. AC Installation At Altabra Air Conditioning Our Service Experts Can Install your Mini splits Ac Same day, we use Our HVAC Contractor for your air conditioner installation. Altabra heating & Cooling Experts Guarantee Perfect ai",https://www.altabra-cooling.com/
One Hour Heating & Air Conditioning® of West Austin,Austin,Texas,(512) 672-6536,https://onehouraircentraltexas.com/,info.0752@onehourair.com; info.0752@onehourair.com,4.9,53,FAILED,HTTP 403,,,,https://onehouraircentraltexas.com/
Awesome Air & Heat Service,,,(512) 327-8383,http://www.awesomeairtx.com/,awesome@awesomeairtx.com,4.9,181,SUCCESS,,Commercial; Repair; Residential; Installation,Residential & Commercial,"Awesome Air & Heat Service | Austin, TX 78755 Serving Austin, TX & Surrounding Areas 512-327-8383 Request Service | Free Estimate | View Specials Previous Next Special Offers Are you looking to replace your heating or cooling system? Check out our manufacturer rebates and discounts to help save you some money on replacing your old HVAC system. View Specials » Awesome Air & Heat Service Offering HVAC,Cooling & Heating System Sales, Service, Installs & Repairs In Austin, Texas and Greater Surround",https://www.awesomeairtx.com/
Goettl Air Conditioning and Plumbing - Austin TX,Austin,Texas,(512) 991-2882,https://www.goettl.com/location/austin-texas/?utm_source=google&utm_medium=organic&utm_campaign=gmb,//www.google.com/maps/place/goettl+air+conditioning+and+plumbing+-+san+antonio+tx/@29.5120089; //www.google.com/maps/place/goettl+air+conditioning+and+plumbing+-+phoenix+az/@33.3775485; //www.google.com/maps/place/goettl+air+conditioning+and+plumbing/@33.3775485,4.8,3366,SUCCESS,,Residential; Installation; Repair; 24/7 Emergency; Maintenance,Residential Only,"Austin Air Conditioning, Plumbing & Heating Services | Goettl Skip to content (512) 268-4500 Book Online Providing Austin with home comfort solutions since 2021. We know what it takes to live in Texas. Trust Goettl for your expert heating , cooling , and plumbing repairs, maintenance, and more. Schedule today. We’re here 24/7! (512) 268-4500 Book Online 4.8 G o o g l e 3366 Reviews Home comfort made simple. Rest easy knowing your home comfort needs are our priority. From HVAC to plumbing, we’ve ",https://www.goettl.com/location/austin-texas/
Champion AC & Plumbing,Austin,Texas,(512) 595-3473,https://www.championacaustin.com/?utm_source=google-gbp&utm_medium=organic&utm_campaign=*60*champion-ac-austin,service@championacaustin.com,4.8,3014,FAILED,HTTP 403,,,,https://www.championacaustin.com/
Airsheen Services LLC,Austin,Texas,(512) 577-4776,https://airsheenservices.com/?utm_source=google&utm_medium=organic&utm_campaign=gbp,info@airsheenservices.com,5.0,314,SUCCESS,,Residential; Commercial; Repair; 24/7 Emergency; Installation; Maintenance,Residential & Commercial,"Airsheen Services LLC | HVAC Company in Austin, TX 5.0 24/7 Emergency Service We're Here to Help! Back to homepage Call Us Book My Service Menu Services Location Promotion Maintenance Plan Blog About Book My Service (512) 577-4776 Austin's â #1 Trusted â HVAC Company Airsheen Services LLC offers expert residential and commercial HVAC solutions, including HVAC repair, installation, maintenance, and indoor air quality services. Our team is committed to delivering energy-efficient comfort throu",https://airsheenservices.com/
"Efficient AC, Electric & Plumbing",Austin,Texas,(512) 537-4700,https://efficienttexas.com/?utm_source=google&utm_medium=organic&utm_campaign=website_link,kate@efficienttexas.com,4.8,720,SUCCESS,,N/A,General HVAC,"Client Challenge JavaScript is disabled in your browser. Please enable JavaScript to proceed. A required part of this site couldn’t load. This may be due to a browser extension, network issues, or browser settings. Please check your connection, disable any ad blockers, or try using a different browser.",https://efficienttexas.com/
"Stan's Heating, Air, Plumbing & Electrical",Austin,Texas,(512) 200-7614,https://www.stansac.com/?utm_source=GMB&utm_medium=organic&utm_campaign=GMB,+plumbing+%26+electrical/@30.3261449,4.7,5601,SUCCESS,,Residential; Installation; Repair; 24/7 Emergency; Maintenance,Residential Only,"âï¸ Austin's AC & Heating Specialists | Stan's HVAC & Plumbing Join the Stan's Team 512-200-7618 Schedule Online Home About Us Service Areas Contact Us 512-200-7618 After Hour Emergency Service Available Schedule Online MENU After Hours Emergency Service Available. Contact Stan's Today! 512-200-7618 Schedule Online Our Customers Rate Us 4.7 Out of 5 Based on 5,500+ Reviews! Servicing Austin Residents Since 1954 Austinâs HVAC, Plumbing & Electrical Specialists Fully Insured & Licensed Depend",https://www.stansac.com/
McCullough Heating & Air Conditioning,Austin,Texas,(512) 877-6043,https://coolmenow.com/?utm_source=google&utm_medium=gbp-aus,careers@coolmenow.com; info@coolmenow.com,4.9,3015,SUCCESS,,Repair; Maintenance; Installation,General HVAC,"HVAC Company in Austin, TX | HVAC Repair & Replacement Trusted Heating & Cooling Services in Austin, TX Since 1977 100% Satisfaction Guaranteed STILL Locally Owned and Operated Book Now 512-280-0011 Don't Miss Out $2,000 Federal Tax Credit for New Systems Expires 12/31/25 Our Services Heating Our heating services are designed to keep your home comfortable and efficient throughout the colder months. We provide expert solutions that ensure reliable performance and energy efficiency. Trust us to ha",https://coolmenow.com/
City Wide Services,Austin,Texas,(512) 623-1759,https://citywideaustin.com/,citywideaustin@gmail.com,4.9,45,SUCCESS,,Residential; Commercial; Repair; 24/7 Emergency; Installation; Maintenance,Residential & Commercial,"AC Repair and Installation Experts | City Wide Services South Austin HVAC, Plumbing & Electrical Services You Can Trust Book Service Now HVAC - PLUMBING - ELECTRICAL Your Trusted Experts for AC Repair Choose Comfort With City Wide Services We provides energy efficient HVAC Services in South Austin, Kyle, Buda and surrounding areas of Texas to keep you comfortable with high-efficiency heating and cooling solutions. From urgent AC repairs to seasonal checkups, City Wide Services makes it easy to s",https://citywideaustin.com/
Texas Comfort Air - Heating - Air - Electrical Services,Round Rock,Texas,(512) 285-7182,https://texascomfortair.com/,admin@texascomfortair.com,4.6,208,FAILED,HTTP 202,,,,https://texascomfortair.com/
Blue Sky Heating and Air,Austin,Texas,(512) 222-6666,https://blueskyheatingandair.net/,dispatch@blueskyheatingandair.net,4.7,388,SUCCESS,,Repair; Maintenance; Installation,General HVAC,"HVAC Austin, TX | Blue Sky Heating & Air Skip to content Get an Instant Online Estimate! Get a fast, hassle-free HVAC estimate with our Instant Online Estimate — no in-person visit required! Instant Online Estimate – Get Started! Instant Online Estimates No in-person accurate estimates Certified Experts Licensed HVAC professionals Transparent Pricing No hidden fees, upfront costs Local Service HVAC solutions in Central Texas Why Choose BlueSky HVAC? Your Trusted HVAC Experts in Austin & Beyond A",https://blueskyheatingandair.net/
Air Majic A/C & Heating,Austin,Texas,(512) 791-7563,https://airmajicservices.com/,airmajic57@gmail.com,5.0,14,ERROR,"('Connection aborted.', RemoteDisconnected('Remote end closed connection without response'))",,,,https://airmajicservices.com/
Infinity AC of Austin,,,(682) 233-4690,https://www.infinityairco.com/austin,chase@infinityairco.com,5.0,159,FAILED,HTTP 202,,,,https://www.infinityairco.com/austin
Air Runs Services LLC,,,(512) 394-9087,https://www.airruns.com/,info@airrunsservices.com,5.0,166,FAILED,HTTP 202,,,,https://www.airruns.com/
