company_name,address,city,state,zip,phone,website,category,rating,reviews,emails,emails_count,facebook,instagram,linkedin,place_id,phone_unformatted
Hawk Plumbing Heating & Air Conditioning,"8506 Spring St, Fort Worth, TX 76179",Fort Worth,Texas,76179,(817) 236-8482,https://hawkphac.com/,HVAC contractor,4.9,346,,0,,,,ChIJ5zBYfOjfTYYR6-cjH0CDuw4,+18172368482
A Better Deal Heating and Air Conditioning Inc,"230 N Main St, Keller, TX 76248",Keller,Texas,76248,(817) 837-1095,http://abdetterdealinc.com/,HVAC contractor,4.5,229,,0,,,,ChIJPw1KrVPRTYYR_yNo-4fggEA,+18178371095
Above and Beyond A/C and Heat,"16620 San Pedro Ave #248, San Antonio, TX 78232",San Antonio,Texas,78232,(210) 761-7747,https://www.sanantonioheatingcooling.com/air-conditioning-services-in-san-antonio,HVAC contractor,4.9,166,,0,,,,ChIJ54GiW6gdgqsRtLO4JxAzmos,+12107617747
Mr. Wilson Heating & Air Conditioning,"219 W Rhapsody Dr, San Antonio, TX 78216",San Antonio,Texas,78216,(210) 308-9866,https://www.mrwilsonair.com/?utm_source=google&utm_medium=organic&utm_campaign=gbp,HVAC contractor,4.9,398,,0,,,,ChIJQ8OHgjxgXIYRbhZcl5BPbNI,+12103089866
Ike's Air Conditioning Inc.,"5407 Bandera Rd #109, San Antonio, TX 78238",San Antonio,Texas,78238,(210) 680-1234,https://www.ikesair.com/,HVAC contractor,4.8,291,,0,,,,ChIJFRuBirhdXIYR0kLd-11iU9k,+12106801234
Tri-City A/C & Heating,"9111 Broadway, San Antonio, TX 78217",San Antonio,Texas,78217,(210) 825-0194,https://www.tri-cityac.com/,HVAC contractor,5,207,,0,,,,ChIJgSZrHvSLXIYRCw8TLshe4os,+12108250194
ASC Heating & Air Conditioning,"410 W Rhapsody Dr Suite C, San Antonio, TX 78216",San Antonio,Texas,78216,(210) 761-5130,https://allseasonsac-sa.com/,HVAC contractor,4.9,512,,0,,,,ChIJPz0vq-RfXIYRS0JORZLpGl0,+12107615130
AC Doctors,"7726 Montego Rd, San Antonio, TX 78250",San Antonio,Texas,78250,(210) 543-2237,http://www.acdoctorstx.com/,HVAC contractor,4.9,265,,0,,,,ChIJF0drvwpeXIYRDfMYSmENh6w,+12105432237
Manuel and Sons Service Co.,"10802 Hillpoint Dr, San Antonio, TX 78217",San Antonio,Texas,78217,(210) 549-4839,https://manuelandsons.com/,HVAC contractor,4.8,147,,0,,,,ChIJ8x6nZmKLXIYRZlFDV8yQnQM,+12105494839
Will Fix It,"3535 Metro Pkwy, San Antonio, TX 78247",San Antonio,Texas,78247,(210) 866-8048,https://www.willfixit.com/locations?utm_source=google&utm_medium=gbp&utm_campaign=local_seo&utm_content=gbp_website_click,HVAC contractor,4.6,8340,,0,,,,ChIJIQft8vRnXIYRyhYFvjAi9eU,+12108668048
Champion AC - Climate Magic,"114 W Rhapsody Dr, San Antonio, TX 78216",San Antonio,Texas,78216,(210) 972-8796,https://www.championac.com/?utm_source=google-gbp&utm_medium=organic&utm_campaign=*258*champion-ac-san-antonio,HVAC contractor,4.8,203,,0,,,,ChIJqUYWyTxgXIYRZzZV8CUl1b4,+12109728796
Evenflow Home & Commercial Services,"1547 W Poplar St, San Antonio, TX 78207",San Antonio,Texas,78207,(210) 985-4955,https://www.evenflowhomeservices.com/?utm_source=gbp&utm_medium=organic&utm_campaign=webite&utm_content=web-cta&utm_term=san-antonio-tx,HVAC contractor,4.9,990,,0,,,,ChIJ8ViWnZJdXIYRPM2iSEcgEtE,+12109854955
Air Clinic of San Antonio,"9012 FM1976 # 501, Converse, TX 78109",Converse,Texas,78109,(210) 369-9468,https://www.airclinic.net/,HVAC contractor,4.7,517,service@airclinic.net,1,,,,ChIJTXdf90hkXIYRr4HI7ooWNiE,+12103699468
Cowboy's Air Conditioning & Heating,"6510 Blanco Rd, San Antonio, TX 78216",San Antonio,Texas,78216,(210) 405-8925,https://www.cowboysac.com/,HVAC contractor,4.7,3591,info@cowboysac.com,1,,,,ChIJxwjzNf-MXIYRTYHDVnzczMI,+12104058925
Radiant Plumbing & Air Conditioning,"10927 Wye Dr #102, San Antonio, TX 78217",San Antonio,Texas,78217,(210) 934-3761,https://radiantplumbing.com/san-antonio/?utm_source=google&utm_medium=businesslisting&utm_campaign=stx-brand_gmb_1023&utm_content=stx-brand,HVAC contractor,4.8,2057,,0,,,,ChIJ61Tk0g_1XIYR3E_fuHXHQ1k,+12109343761
"Aramendia Plumbing, Heating and Air","17327 Green Mountain Rd, San Antonio, TX 78247",San Antonio,Texas,78247,(210) 654-1034,https://www.aramendia.com/?utm_source=google-business-profile&utm_medium=organic&utm_campaign=business-listing&utm_content=aramendia,HVAC contractor,4.7,3383,,0,,,,ChIJg_Vn8buMXIYRv8HUww9wJXw,+12106541034
"Aramendia Plumbing, Heating and Air","12100 Crownpoint Dr #160, San Antonio, TX 78233",San Antonio,Texas,78233,(210) 525-8040,https://www.sanantonioserviceexperts.com/?utm_source=google-business-profile&utm_medium=organic&utm_campaign=business-listing&utm_content=sanantonio,HVAC contractor,4.8,1454,,0,,,,ChIJy24jcyVgXIYRf6QEvDXhhmY,+12105258040
Above All Air,,,,,(210) 954-6255,https://www.aboveallair4u.com/,HVAC contractor,4.8,348,admin@aboveallair4u.com,1,,,,ChIJ8efwhxRgXIYRbL4-L3LwfRE,+12109546255
Goettl Air Conditioning and Plumbing - San Antonio TX,"7847 Fortune Dr, San Antonio, TX 78250",San Antonio,Texas,78250,(210) 460-3966,https://www.goettl.com/location/san-antonio-texas/?utm_source=google&utm_medium=organic&utm_campaign=gmb,HVAC contractor,4.8,9591,//www.google.com/maps/place/goettl+air+conditioning+and+plumbing+-+san+antonio+tx/@29.5120089; //www.google.com/maps/place/goettl+air+conditioning+and+plumbing+-+phoenix+az/@33.3775485; //www.google.com/maps/place/goettl+air+conditioning+and+plumbing/@33.3775485,3,,,,ChIJv5kztYJnXIYRIzC9hji2uEk,+12104603966
Jon Wayne Service Company,"9272 US Hwy 87 E, San Antonio, TX 78263",San Antonio,Texas,78263,(830) 217-3095,https://jonwayne.com/?utm_source=google-gbp&utm_medium=organic&utm_campaign=*432*jon-wayne-san-antonio,HVAC contractor,4.8,16010,customer-service@jonwayne.com,1,,,,ChIJOYk4ICXlXIYRO2BM7g2KlyE,+18302173095
Fort Worth Heat and Air,"308 N Beach St, Fort Worth, TX 76111",Fort Worth,Texas,76111,(817) 800-0340,https://www.fortworthheatandair.com/,Air conditioning contractor,5,24,,0,,,,ChIJ___sJchwToYRidBcVaED-10,+18178000340
Air Motions,"2556 Gravel Dr, Fort Worth, TX 76118",Fort Worth,Texas,76118,(214) 903-4608,https://airmotionshvac.com/,HVAC contractor,4.9,92,,0,,,,ChIJsfBaPWV5ToYR8o7N5QZel2s,+12149034608
TemperaturePro San Antonio,"14886 Tradesman Dr ste 116, San Antonio, TX 78249",San Antonio,Texas,78249,(210) 624-8776,https://www.temperatureprosa.com/?utm_source=google&utm_medium=organic&utm_campaign=gbp,HVAC contractor,5,828,,0,,,,ChIJZ_754VFnXIYRpicKGPu7UEA,+12106248776
Only Way Air Heating & Air Conditioning LLC,,,,,(682) 777-8272,https://onlywayair.com/,HVAC contractor,4.7,290,,0,,,,ChIJN3VdbtxtToYRkj4iVKgEwgM,+16827778272
Rosenberg Plumbing & Air,"4335 Vance Jackson Rd Suite 505, San Antonio, TX 78230",San Antonio,Texas,78230,(210) 503-7388,https://rosenberghvac.com/,HVAC contractor,4.9,2480,,0,,,,ChIJQw2oAiheXIYRdykLfl3GTdk,+12105037388
Aire Serv of Fort Worth,"3024 B Shawnee Trail, Fort Worth, TX 76135",Fort Worth,Texas,76135,(817) 900-3858,https://www.aireserv.com/ft-worth/?cid=LSTL_ASV-US000187&utm_source=gmb&utm_campaign=local&utm_medium=organic,HVAC contractor,4.8,528,,0,,,,ChIJ5xxCM6IMToYRspOUa2A6GCI,+18179003858
Fort Worth Mechanical Group,"4801 N Sylvania Ave, Fort Worth, TX 76137",Fort Worth,Texas,76137,(817) 801-7084,http://www.fortworthmechanicalgroup.com/,HVAC contractor,4.9,151,info@ftwmg.com,1,,,,ChIJbWwDkY_ZTYYRjQhsDEcl6iU,+18178017084
Comfort Experts,"4255 Bryant Irvin Rd Ste 211, Fort Worth, TX 76109",Fort Worth,Texas,76109,(817) 678-1287,https://comfortexpertsinc.com/?utm_source=GMB&utm_medium=organic&utm_campaign=fort_worth,HVAC contractor,4.8,1966,customerservicedept@acgenius.com,1,,,,ChIJLUsPKXltToYRjPG3CeeER2s,+18176781287
"NSG Heating and Air Specialists, LLC","6321 Redeagle Creek Dr, Fort Worth, TX 76179",Fort Worth,Texas,76179,(817) 993-4822,https://www.nsgair.com/?utm_source=google&utm_medium=organic&utm_campaign=gbp,HVAC contractor,5,344,,0,,,,ChIJ58D8XEZ1ToYRLJcUlQO0pFE,+18179934822
Service Experts Fort Worth,"2725 Basswood Blvd Suite #241, Fort Worth, TX 76131",Fort Worth,Texas,76131,(817) 241-5893,https://www.serviceexperts.com/fort-worth-tx/,HVAC contractor,4.8,4947,,0,,,,ChIJFYtJpRN5ToYRBZxn9XqNk6w,+18172415893
Strickland Heating and Air,"6450 Appian Way, Fort Worth, TX 76135",Fort Worth,Texas,76135,(817) 476-1927,https://stricklandhvac.com/?utm_source=gmb&utm_medium=fort-worth,HVAC contractor,5,412,info@stricklandhvac.com,1,,,,ChIJ_zkj7S89QEAR2Bi2XviB9Is,+18174761927
Texas Discount Air,"5157 Senator Dr, Fort Worth, TX 76244",Fort Worth,Texas,76244,(817) 874-5513,http://www.texasdiscountair.com/,HVAC contractor,4.8,209,service@texasdiscountair.com,1,,,,ChIJXarg3W3YTYYRqAeW1LrLcpo,+18178745513
Lawrence Air Conditioning & Heating,"7949 Old Decatur Rd, Fort Worth, TX 76179",Fort Worth,Texas,76179,(817) 886-4506,http://www.lawrenceairandheat.com/,HVAC contractor,5,794,,0,,,,ChIJ4SCywTjfTYYRk_CASmvbEJQ,+18178864506
"AirCo Air Conditioning, Heating and Plumbing","1900 Robotics Pl, Fort Worth, TX 76118",Fort Worth,Texas,76118,(817) 618-9916,https://www.airco.com/?utm_source=google&utm_medium=organic&utm_campaign=GMBListing-Fort-Worth-TX,HVAC contractor,4.8,4324,,0,,,,ChIJVVVVVWV3ToYRylx4-_TPiGI,+18176189916
North Texas Comfort Heating and Air Conditioning,,,,,(817) 404-2048,https://northtxcomforthvac.com/,HVAC contractor,5,67,,0,,,,ChIJ23GB2YxwToYRi1Q3Bzt8bvw,+18174042048
Fort Worth Air Conditioning Co. Inc.,"9105 White Settlement Rd, Fort Worth, TX 76108",Fort Worth,Texas,76108,(817) 367-6000,https://fortworth-air.com/,HVAC contractor,4.9,449,service@fortworth-air.com,1,,,,ChIJ0448j4QMToYRPa-ngQizuzA,+18173676000
Comfort Masters Heating & Air Conditioning,"6657 Corporation Pkwy #250, Fort Worth, TX 76126",Fort Worth,Texas,76126,(817) 500-5354,https://comfortmastersdfw.com/?utm_source=google&utm_medium=gmb&utm_campaign=GMB%20Fort%20Worth,HVAC contractor,4.9,1087,,0,,,,ChIJnbdH_D0MToYR0QQ6q_qVbFI,+18175005354
One Hour Air Conditioning & Heating,"2535 Brennan Ave, Fort Worth, TX 76106",Fort Worth,Texas,76106,(817) 766-5706,https://www.onehourairftworth.com/?utm_source=organic&utm_medium=gbp,HVAC contractor,4.8,3101,customerservice@onehourair.com,1,,,,ChIJp-CLd_nhTYYRN-AndhiVWlY,+18177665706
North Tarrant Heating & Air Conditioning LLC,"12001 Egg Store Rd, Fort Worth, TX 76244",Fort Worth,Texas,76244,(817) 670-3144,https://www.northtarrantac.com/?utm_campaign=gmb,HVAC contractor,5,602,northtarrantac@gmail.com,1,,,,ChIJIzpOjf7ZTYYRuQ3WeNbWKV8,+18176703144
"1st Choice Plumbing, Heating & Air Solutions","2851 Tinsley Ln, Fort Worth, TX 76179",Fort Worth,Texas,76179,(817) 674-1300,https://1stchoiceairsolutions.com/?utm_source=google&utm_medium=gbp&se_campaign=GBP,HVAC contractor,4.9,1743,,0,,,,ChIJkeGoEfTZTYYRc0qkzMJV24M,+18176741300
R-10 Heat & Air,"3839 E Loop 820 S, Fort Worth, TX 76119",Fort Worth,Texas,76119,(817) 395-1200,https://www.r10heatandair.com/?utm_source=GMBlisting&utm_medium=organic,HVAC contractor,4.8,205,leroy@rtenservice.com,1,,,,ChIJxR_E-Hd7ToYRyjp2oJ0gsds,+18173951200
Norway Air Conditioning Inc.,"406 Boomtown St, Laredo, TX 78043",Laredo,Texas,78043,(956) 726-4419,https://www.norwayairconditioning.com/,HVAC contractor,5,267,norwayacteam@gmail.com; norway_ep@yahoo.com,2,,,,ChIJf-BWSwgkYYYRdFpqqZ17F7c,+19567264419
ABSOLUTE AIR CONDITIONING,"6513 Robertson Dr, Corpus Christi, TX 78415",Corpus Christi,Texas,78415,(361) 852-5152,http://www.absoluteairecctx.com/,Air conditioning repair service,4.6,54,absoluteair@hotmail.com,1,,,,ChIJ6WRSwrGKaIYRCDoz3Lia8KE,+13618525152
Affordable AC & Heating Inc,"741 Bradshaw Dr, Corpus Christi, TX 78412",Corpus Christi,Texas,78412,(361) 985-2888,http://affordableaircc.com/,Air conditioning repair service,4.8,75,,0,,,,ChIJQ63yTPD1aIYRGsKyV1-xu_o,+13619852888
One Hour Heating & Air Conditioning,"901 Austin St, Portland, TX 78374",Portland,Texas,78374,(361) 245-3945,https://www.onehourheatandair.com/corpus-christi/?utm_source=gbp&utm_medium=organic&utm_campaign=638797_-OH0317-,Air conditioning contractor,4.8,2734,,0,,,,ChIJXQfrbwxbaIYRkwF7HYoi0R4,+13612453945
Accurate and Affordable AC,,,,,(361) 444-9940,http://accurateandaffordableac.com/?utm_source=gmb&utm_medium=referral,Air conditioning contractor,5,146,,0,,,,ChIJBeBHlIr1aIYRPaaWME7L9kU,+13614449940
AC Repair Corpus Christi,,,,,(361) 808-4100,https://acrepair-corpuschristi.com/,HVAC contractor,4.6,10,support@acrepair-corpuschristi.com,1,,,,ChIJXdW6uBheaIYRXU_wj-7TMIo,+13618084100
Synergy Home and Commercial Services,"6722 Kram St #702, Corpus Christi, TX 78413",Corpus Christi,Texas,78413,(361) 334-1066,https://synergyhomeandcommercial.com/air-conditions-services/,Air conditioning contractor,4.9,75,info@synergyhomeandcommercial.com; info@thambiex.com,2,,,,ChIJ08tdV6v1aIYRF4IXvHK4CAs,+13613341066
Indoor Air Specialties,"4906 Everhart Rd, Corpus Christi, TX 78411",Corpus Christi,Texas,78411,(361) 815-0661,https://indoorairspecialties.com/,Air conditioning contractor,4.9,134,greggacguy@icloud.com,1,,,,ChIJIyb5Plb1aIYRznSLbxCXIIo,+13618150661
LTJ Air Conditioning and Heating,,,,,(361) 249-4039,https://ltjair.com/,HVAC contractor,5,133,ltjr2005@gmail.com; contact@ltj.com,2,,,,ChIJ15D8W3_3aIYR24Lozf3IERA,+13612494039
Interstate Refrigeration & Air Conditioning LLC,"4814 Neptune St, Corpus Christi, TX 78405",Corpus Christi,Texas,78405,(361) 442-4962,http://www.interstaterefrigerationac.com/,HVAC contractor,4.6,70,dispatch@interstaterefrigeration.com,1,,,,ChIJQWllucFtaIYRF3-0AcEQAxI,+13614424962
Dziadek A/C & Refrigeration LLC.,"5814 Patton St, Corpus Christi, TX 78414",Corpus Christi,Texas,78414,(361) 991-6912,http://dziadekhvac.com/,Air conditioning contractor,5,21,service@dziadekac.com,1,,,,ChIJExU7Ycj1aIYRVEfQUG0loz4,+13619916912
Beyer Boys Air Conditioning & Heating,"4531 Ayers St Suite 222, Corpus Christi, TX 78415",Corpus Christi,Texas,78415,(361) 529-7420,https://beyerairconditioningheating.com/locations/corpus-christi/?utm_source=GBP&utm_medium=GBP&utm_campaign=corpus-christi&utm_id=GBP,HVAC contractor,4.9,191,,0,,,,ChIJswAWQVFfaIYR8Kc2XOHty6Q,+13615297420
A&M Air Conditioning Services,"7437 Lake Superior Dr, Corpus Christi, TX 78413",Corpus Christi,Texas,78413,(361) 850-9006,https://amairservices.com/,Air conditioning contractor,4.3,118,,0,,,,ChIJx7K1duD0aIYRTl_lFRuVSek,+13618509006
Long's Heating & Air Conditioning,"6524 Teamwork Trl, Corpus Christi, TX 78417",Corpus Christi,Texas,78417,(361) 884-5530,http://longsheatingandairconditioning.com/,Air conditioning contractor,4.7,51,,0,,,,ChIJL0gQKmFeaIYRh3cud4nJZQ8,+13618845530
Colair Cooling & Heating,"3790 Wow Rd unit a, Corpus Christi, TX 78413",Corpus Christi,Texas,78413,(361) 360-5556,https://colairinc.com/corpus-christi-tx/,HVAC contractor,5,1466,sales@colairinc.com,1,,,,ChIJ7wvAX0BfaIYRvVJe2JeH-EU,+13613605556
ABC Home & Commercial Services - HVAC Services Department,"1022 Mc Bride Ln, Corpus Christi, TX 78407",Corpus Christi,Texas,78407,(361) 213-7976,https://www.abchomeandcommercial.com/corpus-christi/hvac-repair?utm_source=google&utm_medium=organic&utm_campaign=gmb,HVAC contractor,4.9,241,,0,,,,ChIJleZG0EFhaIYRb0Lu1h0VvLs,+13612137976
Alpha A/C & Heating,"4724 Holly Rd, Corpus Christi, TX 78411",Corpus Christi,Texas,78411,(361) 854-1822,https://www.alpha-aircompany.com/,HVAC contractor,4.9,172,services@alpha-aircompany.com,1,,,,ChIJJbXRPp_1aIYRsSr0sAd3yLc,+13618541822
Beat The Heat HVAC Solutions LLC,"1914 Stardust Ln, Corpus Christi, TX 78418",Corpus Christi,Texas,78418,(361) 947-1800,https://beattheheathvac.jobbersites.com/,HVAC contractor,5,42,,0,,,,ChIJaxQlDrf3aIYR3hclufiNrqs,+13619471800
"Ramco Mechanical, Inc.","241 45th St, Corpus Christi, TX 78405",Corpus Christi,Texas,78405,(361) 356-6002,https://ramcomechanical.com/,HVAC contractor,4.9,223,ramcomechanical4@gmail.com; ramcomechanical.rt@gmail.com,2,,,,ChIJ6_j5bvVfaIYRC32OBMrZHk4,+13613566002
Dodopise HVAC Solutions Corpus Christi,"325 N Mesquite St, Corpus Christi, TX 78401",Corpus Christi,Texas,78401,(361) 264-7327,http://dodopisehvacsolutionscorpuschristi.online/,HVAC contractor,5,14,,0,,,,ChIJc2dtH9VfaIYRh6ux4Fm-2CQ,+13612647327
Just Better HVAC,,,,,(361) 852-9949,https://justbetterhvac.com/,HVAC contractor,4.9,155,justbetterhvacllc@gmail.com,1,,,,ChIJlWCQKTFuzmIRoG26ao2lDu4,+13618529949
Total Assurance AC & Heating,"3833 Saturn Rd, Corpus Christi, TX 78413",Corpus Christi,Texas,78413,(361) 446-6925,https://www.totalassuranceac.com/?utm_source=google&utm_medium=organic&utm_campaign=gbp-profile,HVAC contractor,5,124,,0,,,,ChIJp7cUkz31aIYRV7WYF9eiqf8,+13614466925
"Annaville Air Conditioning, Inc.","4860 FM1889, Corpus Christi, TX 78410",Corpus Christi,Texas,78410,(361) 767-2665,https://annavilleac.com/,HVAC contractor,5,835,office@annavilleac.com,1,,,,ChIJzynbzFR6aIYRgVjzD9SueyM,+13617672665
Keep it Cool Air Conditioning & Heating,"5637 Carroll Ln #10, Corpus Christi, TX 78415",Corpus Christi,Texas,78415,(361) 850-7845,https://keepitcooltx.com/,HVAC contractor,4.8,218,,0,,,,ChIJT12BdGb1aIYRwl_Mlfgllqg,+13618507845
South Texas Comfort Control L.L.C,"820 NAS Dr Suite A, Corpus Christi, TX 78418",Corpus Christi,Texas,78418,(361) 691-6171,https://stccaire.com/,HVAC contractor,5,142,office@stccaire.com,1,,,,ChIJtcd8aaVfaIYR5Vdo2Cp6RZc,+13616916171
Texas Air Conditioning and Heating LLC,"7653 Dallas St, Corpus Christi, TX 78413",Corpus Christi,Texas,78413,(361) 633-4235,https://www.texasac361.com/,HVAC contractor,4.9,115,hvacexperts@texasac361.com,1,,,,ChIJERNi3rL1aIYRvajF9Soq9z8,+13616334235
"Tommy Cool Air, LLC","3728 Wow Rd Unit B, Corpus Christi, TX 78413",Corpus Christi,Texas,78413,(361) 852-4450,https://tommycool.com/,HVAC contractor,4.9,645,tommy@tommycool.com,1,,,,ChIJ6ZYHAhb1aIYRSYBmIM2nFlI,+13618524450
Birdwell A/C and Heating,"4410 Dillon Ln #19, Corpus Christi, TX 78415",Corpus Christi,Texas,78415,(361) 452-2018,https://birdwellacandheating.com/?utm_source=google&utm_medium=organic&utm_campaign=gbp,HVAC contractor,4.9,232,,0,,,,ChIJf7MtyPP1aIYRkxHetPxkXTc,+13614522018
Mathews CCAC,"4502 S Padre Island Dr, Corpus Christi, TX 78411",Corpus Christi,Texas,78411,(361) 247-4169,https://www.ccacac.com/?utm_source=google-gbp&utm_medium=organic&utm_campaign=*142*mathews-ccac-corpus-christi,HVAC contractor,4.9,5740,service@ccacac.com,1,,,,ChIJgXlKn4T1aIYRePDGJVSistc,+13612474169
Triple A Air Conditioning & Heating,"9245 S Padre Island Dr, Corpus Christi, TX 78418",Corpus Christi,Texas,78418,(361) 320-7161,https://www.aaaac.us/?utm_source=google&utm_medium=organic&utm_campaign=gmb-profile-corpuschristi,HVAC contractor,4.9,1742,,0,,,,ChIJs___1sf1aIYRhmDl4UnUmCQ,+13613207161
Logicool Air Solutions,"10601 S Padre Island Dr, Corpus Christi, TX 78418",Corpus Christi,Texas,78418,(361) 266-8292,http://www.logicoolairsolutions.com/,HVAC contractor,4.9,1008,csr@logicoolairsolutions.com,1,,,,ChIJ2YW6Vu_1aIYRWLPf03vzs84,+13612668292
Precision Air,"5126 Weber Rd, Corpus Christi, TX 78411",Corpus Christi,Texas,78411,(361) 800-2465,https://www.precisionaircc.com/,HVAC contractor,4.7,158,,0,,,,ChIJdSDygW_1aIYRCcS5cofQnHo,+13618002465
"Air Solutions Air Conditioning, Heating & Sheet Metal","410 44th St, Corpus Christi, TX 78405",Corpus Christi,Texas,78405,(361) 855-2665,http://airsolutionscc.com/,Air conditioning contractor,4.7,67,cliff@airsolutionscc.com; carrie@airsolutionscc.com,2,,,,ChIJZ7X4poNgaIYRtesUDAgm1SQ,+13618552665
Bodine-Scott Air Conditioning & Plumbing Co.,"5638 Bear Ln, Corpus Christi, TX 78405",Corpus Christi,Texas,78405,(361) 883-9900,https://www.bodinescott.com/,HVAC contractor,4.7,1079,,0,,,,ChIJFY5JVVdgaIYRtyMFM57CEEs,+13618839900
Swift Air,"2101 Leopard St, Corpus Christi, TX 78408",Corpus Christi,Texas,78408,(361) 882-2111,https://www.swiftaircc.com/,HVAC contractor,4.5,261,service@swiftaircc.com,1,,,,ChIJ17Fl3QZfaIYRFKb1ShC5pLQ,+13618822111
