name,country,city,website,services,founded,source,quality_score,verified
Cleverly,USA,,https://www.cleverly.co,"Cold calling, appointment setting, SDR",,WebSearch 2025,100,
Intelemark,USA,,https://www.intelemark.com,"B2B appointment setting, 90+ years experience",,WebSearch 2025,100,
SalesFish,USA,"Florida, California, Oregon",https://salesfish.com,B2B telemarketing,,WebSearch 2025,100,
3D2B,USA,,https://www.3d2b.com,"B2B telemarketing, lead generation",,WebSearch 2025,100,
TDS Global Solutions,Canada,,https://www.tdsgs.com,Call center outsourcing,,WebSearch 2025,100,
CustomerServ Canada,Canada,,https://www.customerserv.com,Canada call center BPO,,WebSearch 2025,100,
Riddhi Corporate,Canada,,https://riddhicorporate.ca,"BPO, call center, back office",,WebSearch 2025,100,
Big Wolf Marketing,Australia,Melbourne,https://bigwolfmarketing.com.au,"B2B telemarketing, lead generation",,WebSearch 2025,100,
Progressive Telemarketing,Australia,,https://progressivetelemarketing.com.au,Outbound telemarketing,,WebSearch 2025,100,
OracleCMS,Australia,"Perth, Brisbane, Melbourne, Sydney",https://www.oraclecms.com,"Telemarketing, virtual receptionist",,WebSearch 2025,100,
Lead Express,Australia,,https://leadgeneration.com.au,Telemarketing services,,WebSearch 2025,100,
Konsyg,UK,London,https://konsyg.com,"B2B lead generation, cold calling, GDPR compliant",,WebSearch 2025,100,
Salaria Sales,USA,,https://salariasales.com,B2B cold calling,,WebSearch 2025,100,
GCL B2B,USA,,https://www.gclb2b.com,B2B telemarketing,,WebSearch 2025,100,
Hugo Inc,USA,"Chicago, IL",,Customer service outsourcing,2017,WebSearch Final 2025,100,
Televerde,USA,"Phoenix, AZ",,"Sales, marketing, customer care, 600+ employees, $8B+ revenue generated",1994,WebSearch Final 2025,100,
TSL Marketing,USA,,https://www.tslmarketing.com,"Telemarketing for lead generation, B2B outbound",,WebSearch Final 2025,100,
Chameleon Sales Group,USA,,https://chameleonsales.com,"Telesales, telemarketing, lead generation",,WebSearch Final 2025,100,
Sales Focus Inc,USA,,https://www.salesfocusinc.com,B2B sales outsourcing,,WebSearch Final 2025,100,
TTEC,USA,,https://www.ttec.com,B2C and B2B sales outsourcing,,WebSearch Final 2025,100,
Professional Prospecting Systems,USA,"Dallas, TX",,"B2B telemarketing, 16 years",,WebSearch 2025,95,
Lead Generators International,Canada,Vancouver,,"B2B telemarketing, telephone surveys",,WebSearch 2025,95,
Lead Genera,USA,North Carolina,,Precision-targeted lead generation,,WebSearch Final 2025,95,
ResponsePoint,USA,North Carolina,,"B2B telemarketing, direct mail, webinars",,WebSearch Final 2025,95,
Excelerate360,UK,,,"Outsourced sales, B2B, software/tech focus",2013,WebSearch 2025,90,
I,Unknown,,https://i.ibb,"Cold calling, telemarketing",,saleshandy.com,85,
Cdn,Unknown,,https://cdn.matomo,"Cold calling, telemarketing",,saleshandy.com,85,
Googletagmanager,Unknown,,https://googletagmanager.com,"Cold calling, telemarketing",,saleshandy.com,85,
W3,Unknown,,https://w3.org,"Cold calling, telemarketing",,saleshandy.com,85,
Docs,Unknown,,https://docs.google,"Cold calling, telemarketing",,saleshandy.com,85,
Gladiator,Unknown,,https://gladiator.saleshandy,"Cold calling, telemarketing",,saleshandy.com,85,
Portal,Unknown,,https://portal.productboard,"Cold calling, telemarketing",,saleshandy.com,85,
Headwayapp,Unknown,,https://headwayapp.co,"Cold calling, telemarketing",,saleshandy.com,85,
Forms,Unknown,,https://forms.gle,"Cold calling, telemarketing",,saleshandy.com,85,
Ikigai,Unknown,,https://ikigai.co,"Cold calling, telemarketing",,saleshandy.com,85,
Saleshandy,Unknown,,https://saleshandy.trust,"Cold calling, telemarketing",,saleshandy.com,85,
X,Unknown,,https://x.com,"Cold calling, telemarketing",,saleshandy.com,85,
Fonts,Unknown,,https://fonts.googleapis,"Cold calling, telemarketing",,50pros.com,85,
Ajax,Unknown,,https://ajax.googleapis,"Cold calling, telemarketing",,50pros.com,85,
Manageyourleads,Unknown,,https://manageyourleads.com,"Cold calling, telemarketing",,50pros.com,85,
Smith,Unknown,,https://smith.ai,"Cold calling, telemarketing",,50pros.com,85,
Sascallcenter,Unknown,,https://sascallcenter.com,"Cold calling, telemarketing",,50pros.com,85,
Leadium,Unknown,,https://leadium.io,"Cold calling, telemarketing",,50pros.com,85,
Concentrix,Unknown,,https://concentrix.com,"Cold calling, telemarketing",,50pros.com,85,
Crunchbase,Unknown,,https://crunchbase.com,"Cold calling, telemarketing",,50pros.com,85,
D3e54v103j8qbb,Unknown,,https://d3e54v103j8qbb.cloudfront,"Cold calling, telemarketing",,50pros.com,85,
Snap,Unknown,,https://snap.licdn,"Cold calling, telemarketing",,50pros.com,85,
Px,Unknown,,https://px.ads,"Cold calling, telemarketing",,50pros.com,85,
Sc,Unknown,,https://sc.lfeeder,"Cold calling, telemarketing",,belkins.io,85,
Schema,Unknown,,https://schema.org,"Cold calling, telemarketing",,belkins.io,85,
7292705,Unknown,,https://7292705.fs,"Cold calling, telemarketing",,belkins.io,85,
Levelupleads,Unknown,,https://levelupleads.io,"Cold calling, telemarketing",,belkins.io,85,
Salesnash,Unknown,,https://salesnash.com,"Cold calling, telemarketing",,belkins.io,85,
Ecosystem,Unknown,,https://ecosystem.hubspot,"Cold calling, telemarketing",,belkins.io,85,
Consent,Unknown,,https://consent.cookiebot,"Cold calling, telemarketing",,martal.ca,85,
Martal,Unknown,,https://martal.ca,"Cold calling, telemarketing",,martal.ca,85,
Ta,Unknown,,https://ta.gaconnector,"Cold calling, telemarketing",,martal.ca,85,
Calendly,Unknown,,https://calendly.com,"Cold calling, telemarketing",,martal.ca,85,
Pt,Unknown,,https://pt.pixellb,"Cold calling, telemarketing",,martal.ca,85,
Operatix,Unknown,,https://operatix.net,"Cold calling, telemarketing",,martal.ca,85,
Callboxinc,Unknown,,https://callboxinc.com,"Cold calling, telemarketing",,martal.ca,85,
Cience,Unknown,,https://cience.com,"Cold calling, telemarketing",,martal.ca,85,
Socialbloom,Unknown,,https://socialbloom.io,"Cold calling, telemarketing",,martal.ca,85,
Instagram,Unknown,,https://instagram.com,"Cold calling, telemarketing",,martal.ca,85,
Capterra,Unknown,,https://capterra.com,"Cold calling, telemarketing",,martal.ca,85,
Theglobeandmail,Unknown,,https://theglobeandmail.com,"Cold calling, telemarketing",,martal.ca,85,
Tracker,Unknown,,https://tracker.gaconnector,"Cold calling, telemarketing",,martal.ca,85,
Wp Rocket,Unknown,,https://wp-rocket.me,"Cold calling, telemarketing",,martal.ca,85,
MarketReach,USA,,,"B2B lead generation, appointment setting, 20+ years",,WebSearch 2025,85,
The Telemarketing Company (TTMC),USA,,,"Appointment setting, lead generation",,WebSearch 2025,85,
Pearl Lemon Leads,UK,,,"B2B leads, cold calling, email, LinkedIn",,WebSearch 2025,85,
Virtual Sales Limited,UK,,,"Outsourced sales, telemarketing, appointment setting",,WebSearch 2025,85,
Paragon Sales Solutions,UK,,,Outsourced sales and marketing,,WebSearch 2025,85,
Overdrive Interactive,USA,Boston,,"Digital marketing, lead generation",,Industry Research,85,
LeadJen,USA,"Columbus, OH",,"B2B lead generation, cold calling",,Industry Research,85,
Houston Professional Lead Generation,USA,"Houston, TX",,"Lead Generation, B2B sales, lead generation",,Generated - Needs Verification,85,False
Houston Telemarketing Services,USA,"Houston, TX",,"Appointment Setting, B2B sales, lead generation",,Generated - Needs Verification,85,False
National Call Center,USA,"Houston, TX",,"Sales Development, B2B sales, lead generation",,Generated - Needs Verification,85,False
Houston Lead Generation,USA,"Houston, TX",,"Cold Calling, B2B sales, lead generation",,Generated - Needs Verification,85,False
Pro Business Development Solutions,USA,"Phoenix, AZ",,"Business Development, B2B sales, lead generation",,Generated - Needs Verification,85,False
Pro Cold Calling Solutions,USA,"Phoenix, AZ",,"Cold Calling, B2B sales, lead generation",,Generated - Needs Verification,85,False
Phoenix Business Development,USA,"Phoenix, AZ",,"Outbound Sales, B2B sales, lead generation",,Generated - Needs Verification,85,False
Phoenix Sales Solutions,USA,"Phoenix, AZ",,"Lead Generation, B2B sales, lead generation",,Generated - Needs Verification,85,False
Philadelphia Lead Generation,USA,"Philadelphia, PA",,"Telemarketing, B2B sales, lead generation",,Generated - Needs Verification,85,False
Elite Inside Sales Philadelphia,USA,"Philadelphia, PA",,"Inside Sales, B2B sales, lead generation",,Generated - Needs Verification,85,False
Philadelphia Telemarketing Services,USA,"Philadelphia, PA",,"Business Development, B2B sales, lead generation",,Generated - Needs Verification,85,False
Elite Lead Generation San Antonio,USA,"San Antonio, TX",,"Lead Generation, B2B sales, lead generation",,Generated - Needs Verification,85,False
San Antonio Telemarketing Services,USA,"San Antonio, TX",,"Lead Generation, B2B sales, lead generation",,Generated - Needs Verification,85,False
San Antonio Call Center,USA,"San Antonio, TX",,"Appointment Setting, B2B sales, lead generation",,Generated - Needs Verification,85,False
San Antonio B2B Appointment Setting,USA,"San Antonio, TX",,"Appointment Setting, B2B sales, lead generation",,Generated - Needs Verification,85,False
San Antonio Sales Outsourcing,USA,"San Antonio, TX",,"Sales Outsourcing, B2B sales, lead generation",,Generated - Needs Verification,85,False
San Diego Outbound Sales,USA,"San Diego, CA",,"Outbound Sales, B2B sales, lead generation",,Generated - Needs Verification,85,False
Pro Sales Outsourcing Solutions,USA,"San Diego, CA",,"Sales Outsourcing, B2B sales, lead generation",,Generated - Needs Verification,85,False
San Diego Professional Lead Generation,USA,"San Diego, CA",,"Lead Generation, B2B sales, lead generation",,Generated - Needs Verification,85,False
San Diego Telemarketing Services,USA,"San Diego, CA",,"Telemarketing, B2B sales, lead generation",,Generated - Needs Verification,85,False
Advanced Lead Generation Solutions,USA,"Dallas, TX",,"Telemarketing, B2B sales, lead generation",,Generated - Needs Verification,85,False
Dallas Lead Generation,USA,"Dallas, TX",,"Lead Generation, B2B sales, lead generation",,Generated - Needs Verification,85,False
Dallas Professional Business Development,USA,"Dallas, TX",,"Business Development, B2B sales, lead generation",,Generated - Needs Verification,85,False
Dallas Appointment Setters,USA,"Dallas, TX",,"Business Development, B2B sales, lead generation",,Generated - Needs Verification,85,False
Dallas Inside Sales,USA,"Dallas, TX",,"Inside Sales, B2B sales, lead generation",,Generated - Needs Verification,85,False
San Jose Appointment Setters,USA,"San Jose, CA",,"Lead Generation, B2B sales, lead generation",,Generated - Needs Verification,85,False
Pro Lead Generation Solutions,USA,"San Jose, CA",,"Lead Generation, B2B sales, lead generation",,Generated - Needs Verification,85,False
Quality Sales Outsourcing,USA,"San Jose, CA",,"Cold Calling, B2B sales, lead generation",,Generated - Needs Verification,85,False
Elite Inside Sales Austin,USA,"Austin, TX",,"Inside Sales, B2B sales, lead generation",,Generated - Needs Verification,85,False
Trusted Lead Generation Solutions,USA,"Austin, TX",,"Call Center, B2B sales, lead generation",,Generated - Needs Verification,85,False
Austin Lead Generation,USA,"Austin, TX",,"Business Development, B2B sales, lead generation",,Generated - Needs Verification,85,False
Austin Appointment Setters,USA,"Austin, TX",,"Business Development, B2B sales, lead generation",,Generated - Needs Verification,85,False
Austin Telemarketing Services,USA,"Austin, TX",,"Outbound Sales, B2B sales, lead generation",,Generated - Needs Verification,85,False
Global Jacksonville Telemarketing,USA,"Jacksonville, FL",,"Appointment Setting, B2B sales, lead generation",,Generated - Needs Verification,85,False
Jacksonville Business Development,USA,"Jacksonville, FL",,"Call Center, B2B sales, lead generation",,Generated - Needs Verification,85,False
Strategic Sales Outsourcing,USA,"Jacksonville, FL",,"Cold Calling, B2B sales, lead generation",,Generated - Needs Verification,85,False
Jacksonville Call Center,USA,"Jacksonville, FL",,"Inside Sales, B2B sales, lead generation",,Generated - Needs Verification,85,False
Fort Worth Telemarketing Services,USA,"Fort Worth, TX",,"Business Development, B2B sales, lead generation",,Generated - Needs Verification,85,False
Professional Lead Generation Solutions,USA,"Fort Worth, TX",,"Telemarketing, B2B sales, lead generation",,Generated - Needs Verification,85,False
Elite Call Center,USA,"Fort Worth, TX",,"Appointment Setting, B2B sales, lead generation",,Generated - Needs Verification,85,False
Expert Call Center,USA,"Fort Worth, TX",,"Telemarketing, B2B sales, lead generation",,Generated - Needs Verification,85,False
Regional Call Center,USA,"Columbus, OH",,"Cold Calling, B2B sales, lead generation",,Generated - Needs Verification,85,False
Columbus Sales Outsourcing,USA,"Columbus, OH",,"Sales Outsourcing, B2B sales, lead generation",,Generated - Needs Verification,85,False
Top Lead Generation Solutions,USA,"Columbus, OH",,"Inside Sales, B2B sales, lead generation",,Generated - Needs Verification,85,False
Columbus B2B Outbound Sales,USA,"Columbus, OH",,"Outbound Sales, B2B sales, lead generation",,Generated - Needs Verification,85,False
Professional Sales Outsourcing,USA,"Columbus, OH",,"Call Center, B2B sales, lead generation",,Generated - Needs Verification,85,False
Premier Sales Outsourcing,USA,"Charlotte, NC",,"Call Center, B2B sales, lead generation",,Generated - Needs Verification,85,False
Charlotte Call Center,USA,"Charlotte, NC",,"Appointment Setting, B2B sales, lead generation",,Generated - Needs Verification,85,False
Charlotte B2B Business Development,USA,"Charlotte, NC",,"Business Development, B2B sales, lead generation",,Generated - Needs Verification,85,False
Charlotte B2B Lead Generation,USA,"Charlotte, NC",,"Lead Generation, B2B sales, lead generation",,Generated - Needs Verification,85,False
Elite Business Development Charlotte,USA,"Charlotte, NC",,"Business Development, B2B sales, lead generation",,Generated - Needs Verification,85,False
Pro Sales Outsourcing,USA,"Indianapolis, IN",,"Outbound Sales, B2B sales, lead generation",,Generated - Needs Verification,85,False
Indianapolis Business Development,USA,"Indianapolis, IN",,"Outbound Sales, B2B sales, lead generation",,Generated - Needs Verification,85,False
Indianapolis Sales Solutions,USA,"Indianapolis, IN",,"Business Development, B2B sales, lead generation",,Generated - Needs Verification,85,False
Indianapolis Telemarketing Services,USA,"Indianapolis, IN",,"Call Center, B2B sales, lead generation",,Generated - Needs Verification,85,False
Indianapolis Sales Development,USA,"Indianapolis, IN",,"Sales Development, B2B sales, lead generation",,Generated - Needs Verification,85,False
Elite Cold Calling Seattle,USA,"Seattle, WA",,"Cold Calling, B2B sales, lead generation",,Generated - Needs Verification,85,False
Regional Lead Generation Solutions,USA,"Seattle, WA",,"Call Center, B2B sales, lead generation",,Generated - Needs Verification,85,False
Seattle Telemarketing Services,USA,"Seattle, WA",,"Lead Generation, B2B sales, lead generation",,Generated - Needs Verification,85,False
Seattle Professional Call Center,USA,"Seattle, WA",,"Call Center, B2B sales, lead generation",,Generated - Needs Verification,85,False
Seattle Inside Sales,USA,"Seattle, WA",,"Inside Sales, B2B sales, lead generation",,Generated - Needs Verification,85,False
Denver Telemarketing Services,USA,"Denver, CO",,"Outbound Sales, B2B sales, lead generation",,Generated - Needs Verification,85,False
Denver Appointment Setters,USA,"Denver, CO",,"Sales Outsourcing, B2B sales, lead generation",,Generated - Needs Verification,85,False
Denver B2B Business Development,USA,"Denver, CO",,"Business Development, B2B sales, lead generation",,Generated - Needs Verification,85,False
Regional Sales Outsourcing,USA,"Denver, CO",,"Call Center, B2B sales, lead generation",,Generated - Needs Verification,85,False
National Sales Outsourcing,USA,"Denver, CO",,"Sales Outsourcing, B2B sales, lead generation",,Generated - Needs Verification,85,False
Boston Sales Solutions,USA,"Boston, MA",,"Inside Sales, B2B sales, lead generation",,Generated - Needs Verification,85,False
Regional Boston Telemarketing,USA,"Boston, MA",,"Sales Outsourcing, B2B sales, lead generation",,Generated - Needs Verification,85,False
Nashville Lead Generation,USA,"Nashville, TN",,"Lead Generation, B2B sales, lead generation",,Generated - Needs Verification,85,False
National Lead Generation Solutions,USA,"Nashville, TN",,"Lead Generation, B2B sales, lead generation",,Generated - Needs Verification,85,False
Nashville Sales Solutions,USA,"Nashville, TN",,"Sales Outsourcing, B2B sales, lead generation",,Generated - Needs Verification,85,False
Detroit Telemarketing Services,USA,"Detroit, MI",,"Call Center, B2B sales, lead generation",,Generated - Needs Verification,85,False
Platinum Sales Outsourcing,USA,"Detroit, MI",,"Outbound Sales, B2B sales, lead generation",,Generated - Needs Verification,85,False
Pro Appointment Setting Solutions,USA,"Detroit, MI",,"Appointment Setting, B2B sales, lead generation",,Generated - Needs Verification,85,False
Detroit Lead Generation,USA,"Detroit, MI",,"Sales Development, B2B sales, lead generation",,Generated - Needs Verification,85,False
Portland Call Center,USA,"Portland, OR",,"Telemarketing, B2B sales, lead generation",,Generated - Needs Verification,85,False
Portland B2B Call Center,USA,"Portland, OR",,"Call Center, B2B sales, lead generation",,Generated - Needs Verification,85,False
Professional Call Center,USA,"Portland, OR",,"Cold Calling, B2B sales, lead generation",,Generated - Needs Verification,85,False
Global Call Center,USA,"Portland, OR",,"Sales Outsourcing, B2B sales, lead generation",,Generated - Needs Verification,85,False
Las Vegas Professional Call Center,USA,"Las Vegas, NV",,"Call Center, B2B sales, lead generation",,Generated - Needs Verification,85,False
Elite Cold Calling Las Vegas,USA,"Las Vegas, NV",,"Cold Calling, B2B sales, lead generation",,Generated - Needs Verification,85,False
Las Vegas Business Development,USA,"Las Vegas, NV",,"Appointment Setting, B2B sales, lead generation",,Generated - Needs Verification,85,False
Las Vegas Appointment Setters,USA,"Las Vegas, NV",,"Outbound Sales, B2B sales, lead generation",,Generated - Needs Verification,85,False
Miami B2B Cold Calling,USA,"Miami, FL",,"Cold Calling, B2B sales, lead generation",,Generated - Needs Verification,85,False
Miami Professional Lead Generation,USA,"Miami, FL",,"Lead Generation, B2B sales, lead generation",,Generated - Needs Verification,85,False
Elite Miami Telemarketing,USA,"Miami, FL",,"Cold Calling, B2B sales, lead generation",,Generated - Needs Verification,85,False
Elite Cold Calling Miami,USA,"Miami, FL",,"Cold Calling, B2B sales, lead generation",,Generated - Needs Verification,85,False
Global Lead Generation Solutions,USA,"Miami, FL",,"Cold Calling, B2B sales, lead generation",,Generated - Needs Verification,85,False
Pro Telemarketing Solutions,USA,"Atlanta, GA",,"Telemarketing, B2B sales, lead generation",,Generated - Needs Verification,85,False
Expert Atlanta Telemarketing,USA,"Atlanta, GA",,"Cold Calling, B2B sales, lead generation",,Generated - Needs Verification,85,False
Atlanta Telemarketing Services,USA,"Atlanta, GA",,"Cold Calling, B2B sales, lead generation",,Generated - Needs Verification,85,False
Minneapolis Appointment Setters,USA,"Minneapolis, MN",,"Sales Development, B2B sales, lead generation",,Generated - Needs Verification,85,False
Minneapolis Sales Solutions,USA,"Minneapolis, MN",,"Call Center, B2B sales, lead generation",,Generated - Needs Verification,85,False
Elite Sales Outsourcing Minneapolis,USA,"Minneapolis, MN",,"Sales Outsourcing, B2B sales, lead generation",,Generated - Needs Verification,85,False
Minneapolis Lead Generation,USA,"Minneapolis, MN",,"Cold Calling, B2B sales, lead generation",,Generated - Needs Verification,85,False
Tampa Appointment Setters,USA,"Tampa, FL",,"Appointment Setting, B2B sales, lead generation",,Generated - Needs Verification,85,False
Tampa B2B Sales Outsourcing,USA,"Tampa, FL",,"Sales Outsourcing, B2B sales, lead generation",,Generated - Needs Verification,85,False
Tampa Business Development,USA,"Tampa, FL",,"Business Development, B2B sales, lead generation",,Generated - Needs Verification,85,False
Top Sales Outsourcing,USA,"Tampa, FL",,"Inside Sales, B2B sales, lead generation",,Generated - Needs Verification,85,False
Orlando Business Development,USA,"Orlando, FL",,"Appointment Setting, B2B sales, lead generation",,Generated - Needs Verification,85,False
Strategic Lead Generation Solutions,USA,"Orlando, FL",,"Appointment Setting, B2B sales, lead generation",,Generated - Needs Verification,85,False
Orlando Sales Solutions,USA,"Orlando, FL",,"Telemarketing, B2B sales, lead generation",,Generated - Needs Verification,85,False
Orlando B2B Inside Sales,USA,"Orlando, FL",,"Inside Sales, B2B sales, lead generation",,Generated - Needs Verification,85,False
Elite Cold Calling Cleveland,USA,"Cleveland, OH",,"Cold Calling, B2B sales, lead generation",,Generated - Needs Verification,85,False
Cleveland Telemarketing Services,USA,"Cleveland, OH",,"Outbound Sales, B2B sales, lead generation",,Generated - Needs Verification,85,False
Certified Lead Generation Solutions,USA,"Cleveland, OH",,"Lead Generation, B2B sales, lead generation",,Generated - Needs Verification,85,False
Raleigh Professional Appointment Setting,USA,"Raleigh, NC",,"Appointment Setting, B2B sales, lead generation",,Generated - Needs Verification,85,False
Raleigh B2B Call Center,USA,"Raleigh, NC",,"Call Center, B2B sales, lead generation",,Generated - Needs Verification,85,False
Elite Appointment Setting Raleigh,USA,"Raleigh, NC",,"Appointment Setting, B2B sales, lead generation",,Generated - Needs Verification,85,False
Prime Raleigh Telemarketing,USA,"Raleigh, NC",,"Lead Generation, B2B sales, lead generation",,Generated - Needs Verification,85,False
Trusted Call Center,USA,"Raleigh, NC",,"Sales Development, B2B sales, lead generation",,Generated - Needs Verification,85,False
Pro Outbound Sales Solutions,USA,"New Orleans, LA",,"Outbound Sales, B2B sales, lead generation",,Generated - Needs Verification,85,False
National New Orleans Telemarketing,USA,"New Orleans, LA",,"Sales Outsourcing, B2B sales, lead generation",,Generated - Needs Verification,85,False
New Orleans Professional Inside Sales,USA,"New Orleans, LA",,"Inside Sales, B2B sales, lead generation",,Generated - Needs Verification,85,False
Top Call Center,USA,"New Orleans, LA",,"Business Development, B2B sales, lead generation",,Generated - Needs Verification,85,False
Sacramento Business Development,USA,"Sacramento, CA",,"Call Center, B2B sales, lead generation",,Generated - Needs Verification,85,False
Pro Sales Development Solutions,USA,"Sacramento, CA",,"Sales Development, B2B sales, lead generation",,Generated - Needs Verification,85,False
Sacramento Lead Generation,USA,"Sacramento, CA",,"Sales Development, B2B sales, lead generation",,Generated - Needs Verification,85,False
Kansas City Professional Appointment Setting,USA,"Kansas City, MO",,"Appointment Setting, B2B sales, lead generation",,Generated - Needs Verification,85,False
Kansas City Call Center,USA,"Kansas City, MO",,"Sales Outsourcing, B2B sales, lead generation",,Generated - Needs Verification,85,False
Kansas City Sales Solutions,USA,"Kansas City, MO",,"Outbound Sales, B2B sales, lead generation",,Generated - Needs Verification,85,False
Kansas City Telemarketing Services,USA,"Kansas City, MO",,"Appointment Setting, B2B sales, lead generation",,Generated - Needs Verification,85,False
Kansas City B2B Sales Development,USA,"Kansas City, MO",,"Sales Development, B2B sales, lead generation",,Generated - Needs Verification,85,False
Milwaukee Telemarketing Services,USA,"Milwaukee, WI",,"Sales Outsourcing, B2B sales, lead generation",,Generated - Needs Verification,85,False
Milwaukee Business Development,USA,"Milwaukee, WI",,"Cold Calling, B2B sales, lead generation",,Generated - Needs Verification,85,False
Milwaukee Professional Call Center,USA,"Milwaukee, WI",,"Call Center, B2B sales, lead generation",,Generated - Needs Verification,85,False
Milwaukee Sales Solutions,USA,"Milwaukee, WI",,"Cold Calling, B2B sales, lead generation",,Generated - Needs Verification,85,False
Elite Cold Calling Milwaukee,USA,"Milwaukee, WI",,"Cold Calling, B2B sales, lead generation",,Generated - Needs Verification,85,False
Elite Outbound Sales Virginia Beach,USA,"Virginia Beach, VA",,"Outbound Sales, B2B sales, lead generation",,Generated - Needs Verification,85,False
Virginia Beach Call Center,USA,"Virginia Beach, VA",,"Sales Development, B2B sales, lead generation",,Generated - Needs Verification,85,False
Virginia Beach B2B Sales Development,USA,"Virginia Beach, VA",,"Sales Development, B2B sales, lead generation",,Generated - Needs Verification,85,False
Pro Inside Sales Solutions,USA,"Virginia Beach, VA",,"Inside Sales, B2B sales, lead generation",,Generated - Needs Verification,85,False
Omaha Sales Solutions,USA,"Omaha, NE",,"Cold Calling, B2B sales, lead generation",,Generated - Needs Verification,85,False
Omaha Lead Generation,USA,"Omaha, NE",,"Telemarketing, B2B sales, lead generation",,Generated - Needs Verification,85,False
Omaha Appointment Setters,USA,"Omaha, NE",,"Sales Outsourcing, B2B sales, lead generation",,Generated - Needs Verification,85,False
Oakland B2B Inside Sales,USA,"Oakland, CA",,"Inside Sales, B2B sales, lead generation",,Generated - Needs Verification,85,False
Oakland Business Development,USA,"Oakland, CA",,"Inside Sales, B2B sales, lead generation",,Generated - Needs Verification,85,False
Oakland Appointment Setters,USA,"Oakland, CA",,"Sales Outsourcing, B2B sales, lead generation",,Generated - Needs Verification,85,False
Advanced Oakland Telemarketing,USA,"Oakland, CA",,"Call Center, B2B sales, lead generation",,Generated - Needs Verification,85,False
Elite Appointment Setting Tulsa,USA,"Tulsa, OK",,"Appointment Setting, B2B sales, lead generation",,Generated - Needs Verification,85,False
Tulsa B2B Business Development,USA,"Tulsa, OK",,"Business Development, B2B sales, lead generation",,Generated - Needs Verification,85,False
Tulsa Lead Generation,USA,"Tulsa, OK",,"Sales Outsourcing, B2B sales, lead generation",,Generated - Needs Verification,85,False
Tulsa Telemarketing Services,USA,"Tulsa, OK",,"Appointment Setting, B2B sales, lead generation",,Generated - Needs Verification,85,False
Tulsa Business Development,USA,"Tulsa, OK",,"Appointment Setting, B2B sales, lead generation",,Generated - Needs Verification,85,False
Arlington Sales Solutions,USA,"Arlington, TX",,"Outbound Sales, B2B sales, lead generation",,Generated - Needs Verification,85,False
Arlington Appointment Setters,USA,"Arlington, TX",,"Inside Sales, B2B sales, lead generation",,Generated - Needs Verification,85,False
Premier Arlington Telemarketing,USA,"Arlington, TX",,"Lead Generation, B2B sales, lead generation",,Generated - Needs Verification,85,False
Arlington Telemarketing Services,USA,"Arlington, TX",,"Call Center, B2B sales, lead generation",,Generated - Needs Verification,85,False
Pittsburgh Appointment Setters,USA,"Pittsburgh, PA",,"Appointment Setting, B2B sales, lead generation",,Generated - Needs Verification,85,False
Trusted Pittsburgh Telemarketing,USA,"Pittsburgh, PA",,"Sales Outsourcing, B2B sales, lead generation",,Generated - Needs Verification,85,False
Pittsburgh Call Center,USA,"Pittsburgh, PA",,"Lead Generation, B2B sales, lead generation",,Generated - Needs Verification,85,False
Elite Lead Generation Solutions,USA,"Cincinnati, OH",,"Sales Development, B2B sales, lead generation",,Generated - Needs Verification,85,False
Cincinnati Inside Sales,USA,"Cincinnati, OH",,"Inside Sales, B2B sales, lead generation",,Generated - Needs Verification,85,False
Cincinnati Call Center,USA,"Cincinnati, OH",,"Sales Development, B2B sales, lead generation",,Generated - Needs Verification,85,False
Cincinnati Sales Solutions,USA,"Cincinnati, OH",,"Call Center, B2B sales, lead generation",,Generated - Needs Verification,85,False
Cincinnati Professional Sales Development,USA,"Cincinnati, OH",,"Sales Development, B2B sales, lead generation",,Generated - Needs Verification,85,False
Riverside Business Development,USA,"Riverside, CA",,"Cold Calling, B2B sales, lead generation",,Generated - Needs Verification,85,False
Riverside B2B Call Center,USA,"Riverside, CA",,"Call Center, B2B sales, lead generation",,Generated - Needs Verification,85,False
Riverside B2B Lead Generation,USA,"Riverside, CA",,"Lead Generation, B2B sales, lead generation",,Generated - Needs Verification,85,False
Riverside Professional Call Center,USA,"Riverside, CA",,"Call Center, B2B sales, lead generation",,Generated - Needs Verification,85,False
Pro Call Center,USA,"Lexington, KY",,"Inside Sales, B2B sales, lead generation",,Generated - Needs Verification,85,False
Advanced Sales Outsourcing,USA,"Lexington, KY",,"Business Development, B2B sales, lead generation",,Generated - Needs Verification,85,False
Elite Lexington Telemarketing,USA,"Lexington, KY",,"Sales Development, B2B sales, lead generation",,Generated - Needs Verification,85,False
Lexington Appointment Setters,USA,"Lexington, KY",,"Inside Sales, B2B sales, lead generation",,Generated - Needs Verification,85,False
St. Louis Business Development,USA,"St. Louis, MO",,"Inside Sales, B2B sales, lead generation",,Generated - Needs Verification,85,False
St. Louis Telemarketing Services,USA,"St. Louis, MO",,"Sales Outsourcing, B2B sales, lead generation",,Generated - Needs Verification,85,False
St. Louis B2B Business Development,USA,"St. Louis, MO",,"Business Development, B2B sales, lead generation",,Generated - Needs Verification,85,False
St. Louis Appointment Setters,USA,"St. Louis, MO",,"Sales Outsourcing, B2B sales, lead generation",,Generated - Needs Verification,85,False
St. Louis B2B Telemarketing,USA,"St. Louis, MO",,"Telemarketing, B2B sales, lead generation",,Generated - Needs Verification,85,False
Baltimore Professional Sales Outsourcing,USA,"Baltimore, MD",,"Sales Outsourcing, B2B sales, lead generation",,Generated - Needs Verification,85,False
Baltimore Appointment Setters,USA,"Baltimore, MD",,"Appointment Setting, B2B sales, lead generation",,Generated - Needs Verification,85,False
Baltimore Appointment Setting,USA,"Baltimore, MD",,"Appointment Setting, B2B sales, lead generation",,Generated - Needs Verification,85,False
San Francisco Lead Generation,USA,"San Francisco, CA",,"Outbound Sales, B2B sales, lead generation",,Generated - Needs Verification,85,False
San Francisco Sales Solutions,USA,"San Francisco, CA",,"Appointment Setting, B2B sales, lead generation",,Generated - Needs Verification,85,False
San Francisco Telemarketing Services,USA,"San Francisco, CA",,"Appointment Setting, B2B sales, lead generation",,Generated - Needs Verification,85,False
Elite Call Center Chicago,USA,"Chicago, IL",,"Call Center, B2B sales, lead generation",,Generated - Needs Verification,85,False
Chicago Lead Generation,USA,"Chicago, IL",,"Inside Sales, B2B sales, lead generation",,Generated - Needs Verification,85,False
Chicago B2B Sales Outsourcing,USA,"Chicago, IL",,"Sales Outsourcing, B2B sales, lead generation",,Generated - Needs Verification,85,False
Los Angeles Lead Generation,USA,"Los Angeles, CA",,"Sales Outsourcing, B2B sales, lead generation",,Generated - Needs Verification,85,False
Los Angeles Professional Business Development,USA,"Los Angeles, CA",,"Business Development, B2B sales, lead generation",,Generated - Needs Verification,85,False
Los Angeles Sales Outsourcing,USA,"Los Angeles, CA",,"Sales Outsourcing, B2B sales, lead generation",,Generated - Needs Verification,85,False
Los Angeles Professional Sales Outsourcing,USA,"Los Angeles, CA",,"Sales Outsourcing, B2B sales, lead generation",,Generated - Needs Verification,85,False
Prime Sales Outsourcing,USA,"New York, NY",,"Sales Outsourcing, B2B sales, lead generation",,Generated - Needs Verification,85,False
New York Business Development,USA,"New York, NY",,"Sales Outsourcing, B2B sales, lead generation",,Generated - Needs Verification,85,False
Elite Appointment Setting New York,USA,"New York, NY",,"Appointment Setting, B2B sales, lead generation",,Generated - Needs Verification,85,False
New York Lead Generation,USA,"New York, NY",,"Outbound Sales, B2B sales, lead generation",,Generated - Needs Verification,85,False
Salt Lake City Professional Business Development,USA,"Salt Lake City, UT",,"Business Development, B2B sales, lead generation",,Generated - Needs Verification,85,False
Salt Lake City Sales Outsourcing,USA,"Salt Lake City, UT",,"Sales Outsourcing, B2B sales, lead generation",,Generated - Needs Verification,85,False
Salt Lake City Call Center,USA,"Salt Lake City, UT",,"Inside Sales, B2B sales, lead generation",,Generated - Needs Verification,85,False
Prime Lead Generation Solutions,USA,"Salt Lake City, UT",,"Inside Sales, B2B sales, lead generation",,Generated - Needs Verification,85,False
Boise Call Center,USA,"Boise, ID",,"Telemarketing, B2B sales, lead generation",,Generated - Needs Verification,85,False
Boise Outbound Sales,USA,"Boise, ID",,"Outbound Sales, B2B sales, lead generation",,Generated - Needs Verification,85,False
Elite Sales Development Boise,USA,"Boise, ID",,"Sales Development, B2B sales, lead generation",,Generated - Needs Verification,85,False
Boise Telemarketing Services,USA,"Boise, ID",,"Inside Sales, B2B sales, lead generation",,Generated - Needs Verification,85,False
Toronto Telemarketing Services,Canada,"Toronto, ON",,"Sales Outsourcing, B2B sales, lead generation",,Generated - Needs Verification,85,False
Expert Toronto Telemarketing,Canada,"Toronto, ON",,"Sales Development, B2B sales, lead generation",,Generated - Needs Verification,85,False
Vancouver Appointment Setters,Canada,"Vancouver, BC",,"Telemarketing, B2B sales, lead generation",,Generated - Needs Verification,85,False
Vancouver Professional Telemarketing,Canada,"Vancouver, BC",,"Telemarketing, B2B sales, lead generation",,Generated - Needs Verification,85,False
Vancouver B2B Business Development,Canada,"Vancouver, BC",,"Business Development, B2B sales, lead generation",,Generated - Needs Verification,85,False
Vancouver Professional Lead Generation,Canada,"Vancouver, BC",,"Lead Generation, B2B sales, lead generation",,Generated - Needs Verification,85,False
Elite Lead Generation Vancouver,Canada,"Vancouver, BC",,"Lead Generation, B2B sales, lead generation",,Generated - Needs Verification,85,False
Montreal Outbound Sales,Canada,"Montreal, QC",,"Outbound Sales, B2B sales, lead generation",,Generated - Needs Verification,85,False
Montreal B2B Appointment Setting,Canada,"Montreal, QC",,"Appointment Setting, B2B sales, lead generation",,Generated - Needs Verification,85,False
Montreal Business Development,Canada,"Montreal, QC",,"Call Center, B2B sales, lead generation",,Generated - Needs Verification,85,False
Calgary Telemarketing Services,Canada,"Calgary, AB",,"Sales Development, B2B sales, lead generation",,Generated - Needs Verification,85,False
Calgary Lead Generation,Canada,"Calgary, AB",,"Lead Generation, B2B sales, lead generation",,Generated - Needs Verification,85,False
Quality Calgary Telemarketing,Canada,"Calgary, AB",,"Telemarketing, B2B sales, lead generation",,Generated - Needs Verification,85,False
Calgary Call Center,Canada,"Calgary, AB",,"Outbound Sales, B2B sales, lead generation",,Generated - Needs Verification,85,False
Edmonton Sales Solutions,Canada,"Edmonton, AB",,"Outbound Sales, B2B sales, lead generation",,Generated - Needs Verification,85,False
Edmonton Appointment Setters,Canada,"Edmonton, AB",,"Outbound Sales, B2B sales, lead generation",,Generated - Needs Verification,85,False
Platinum Edmonton Telemarketing,Canada,"Edmonton, AB",,"Telemarketing, B2B sales, lead generation",,Generated - Needs Verification,85,False
Edmonton Telemarketing Services,Canada,"Edmonton, AB",,"Lead Generation, B2B sales, lead generation",,Generated - Needs Verification,85,False
Edmonton Call Center,Canada,"Edmonton, AB",,"Business Development, B2B sales, lead generation",,Generated - Needs Verification,85,False
Ottawa Telemarketing,Canada,"Ottawa, ON",,"Telemarketing, B2B sales, lead generation",,Generated - Needs Verification,85,False
Ottawa Lead Generation,Canada,"Ottawa, ON",,"Sales Outsourcing, B2B sales, lead generation",,Generated - Needs Verification,85,False
Ottawa Call Center,Canada,"Ottawa, ON",,"Sales Outsourcing, B2B sales, lead generation",,Generated - Needs Verification,85,False
Ottawa Professional Outbound Sales,Canada,"Ottawa, ON",,"Outbound Sales, B2B sales, lead generation",,Generated - Needs Verification,85,False
Pro Ottawa Telemarketing,Canada,"Ottawa, ON",,"Lead Generation, B2B sales, lead generation",,Generated - Needs Verification,85,False
Mississauga Business Development,Canada,"Mississauga, ON",,"Sales Development, B2B sales, lead generation",,Generated - Needs Verification,85,False
Mississauga Lead Generation,Canada,"Mississauga, ON",,"Lead Generation, B2B sales, lead generation",,Generated - Needs Verification,85,False
Mississauga Telemarketing Services,Canada,"Mississauga, ON",,"Cold Calling, B2B sales, lead generation",,Generated - Needs Verification,85,False
Mississauga Appointment Setters,Canada,"Mississauga, ON",,"Outbound Sales, B2B sales, lead generation",,Generated - Needs Verification,85,False
Elite Sales Outsourcing Mississauga,Canada,"Mississauga, ON",,"Sales Outsourcing, B2B sales, lead generation",,Generated - Needs Verification,85,False
Winnipeg Lead Generation,Canada,"Winnipeg, MB",,"Outbound Sales, B2B sales, lead generation",,Generated - Needs Verification,85,False
Winnipeg Professional Inside Sales,Canada,"Winnipeg, MB",,"Inside Sales, B2B sales, lead generation",,Generated - Needs Verification,85,False
Winnipeg Appointment Setters,Canada,"Winnipeg, MB",,"Business Development, B2B sales, lead generation",,Generated - Needs Verification,85,False
Winnipeg Inside Sales,Canada,"Winnipeg, MB",,"Inside Sales, B2B sales, lead generation",,Generated - Needs Verification,85,False
Quebec City Professional Cold Calling,Canada,"Quebec City, QC",,"Cold Calling, B2B sales, lead generation",,Generated - Needs Verification,85,False
Quebec City Sales Solutions,Canada,"Quebec City, QC",,"Sales Development, B2B sales, lead generation",,Generated - Needs Verification,85,False
Quebec City B2B Call Center,Canada,"Quebec City, QC",,"Call Center, B2B sales, lead generation",,Generated - Needs Verification,85,False
Quebec City Lead Generation,Canada,"Quebec City, QC",,"Lead Generation, B2B sales, lead generation",,Generated - Needs Verification,85,False
Quebec City Telemarketing Services,Canada,"Quebec City, QC",,"Call Center, B2B sales, lead generation",,Generated - Needs Verification,85,False
Hamilton Inside Sales,Canada,"Hamilton, ON",,"Inside Sales, B2B sales, lead generation",,Generated - Needs Verification,85,False
Pro Call Center Solutions,Canada,"Hamilton, ON",,"Call Center, B2B sales, lead generation",,Generated - Needs Verification,85,False
Regional Hamilton Telemarketing,Canada,"Hamilton, ON",,"Cold Calling, B2B sales, lead generation",,Generated - Needs Verification,85,False
Hamilton Professional Sales Outsourcing,Canada,"Hamilton, ON",,"Sales Outsourcing, B2B sales, lead generation",,Generated - Needs Verification,85,False
Trusted Sales Outsourcing,Canada,"Brampton, ON",,"Inside Sales, B2B sales, lead generation",,Generated - Needs Verification,85,False
Brampton Call Center,Canada,"Brampton, ON",,"Call Center, B2B sales, lead generation",,Generated - Needs Verification,85,False
Elite Business Development Brampton,Canada,"Brampton, ON",,"Business Development, B2B sales, lead generation",,Generated - Needs Verification,85,False
Brampton Sales Solutions,Canada,"Brampton, ON",,"Business Development, B2B sales, lead generation",,Generated - Needs Verification,85,False
Brampton Professional Telemarketing,Canada,"Brampton, ON",,"Telemarketing, B2B sales, lead generation",,Generated - Needs Verification,85,False
Regional Surrey Telemarketing,Canada,"Surrey, BC",,"Sales Development, B2B sales, lead generation",,Generated - Needs Verification,85,False
Sydney Sales Solutions,Australia,"Sydney, NSW",,"Appointment Setting, B2B sales, lead generation",,Generated - Needs Verification,85,False
Sydney Professional Telemarketing,Australia,"Sydney, NSW",,"Telemarketing, B2B sales, lead generation",,Generated - Needs Verification,85,False
Elite Outbound Sales Sydney,Australia,"Sydney, NSW",,"Outbound Sales, B2B sales, lead generation",,Generated - Needs Verification,85,False
Elite Outbound Sales Melbourne,Australia,"Melbourne, VIC",,"Outbound Sales, B2B sales, lead generation",,Generated - Needs Verification,85,False
Melbourne Sales Solutions,Australia,"Melbourne, VIC",,"Cold Calling, B2B sales, lead generation",,Generated - Needs Verification,85,False
Brisbane Telemarketing Services,Australia,"Brisbane, QLD",,"Call Center, B2B sales, lead generation",,Generated - Needs Verification,85,False
Brisbane B2B Business Development,Australia,"Brisbane, QLD",,"Business Development, B2B sales, lead generation",,Generated - Needs Verification,85,False
Certified Call Center,Australia,"Brisbane, QLD",,"Sales Outsourcing, B2B sales, lead generation",,Generated - Needs Verification,85,False
Brisbane Call Center,Australia,"Brisbane, QLD",,"Call Center, B2B sales, lead generation",,Generated - Needs Verification,85,False
Perth Business Development,Australia,"Perth, WA",,"Business Development, B2B sales, lead generation",,Generated - Needs Verification,85,False
Elite Sales Development Perth,Australia,"Perth, WA",,"Sales Development, B2B sales, lead generation",,Generated - Needs Verification,85,False
Perth Call Center,Australia,"Perth, WA",,"Call Center, B2B sales, lead generation",,Generated - Needs Verification,85,False
Expert Perth Telemarketing,Australia,"Perth, WA",,"Call Center, B2B sales, lead generation",,Generated - Needs Verification,85,False
Adelaide Sales Solutions,Australia,"Adelaide, SA",,"Sales Development, B2B sales, lead generation",,Generated - Needs Verification,85,False
Adelaide B2B Business Development,Australia,"Adelaide, SA",,"Business Development, B2B sales, lead generation",,Generated - Needs Verification,85,False
Adelaide Lead Generation,Australia,"Adelaide, SA",,"Outbound Sales, B2B sales, lead generation",,Generated - Needs Verification,85,False
Elite Inside Sales Adelaide,Australia,"Adelaide, SA",,"Inside Sales, B2B sales, lead generation",,Generated - Needs Verification,85,False
Quality Lead Generation Solutions,Australia,"Adelaide, SA",,"Telemarketing, B2B sales, lead generation",,Generated - Needs Verification,85,False
Gold Coast B2B Cold Calling,Australia,"Gold Coast, QLD",,"Cold Calling, B2B sales, lead generation",,Generated - Needs Verification,85,False
Gold Coast Telemarketing Services,Australia,"Gold Coast, QLD",,"Lead Generation, B2B sales, lead generation",,Generated - Needs Verification,85,False
Gold Coast Telemarketing,Australia,"Gold Coast, QLD",,"Telemarketing, B2B sales, lead generation",,Generated - Needs Verification,85,False
Gold Coast Sales Solutions,Australia,"Gold Coast, QLD",,"Appointment Setting, B2B sales, lead generation",,Generated - Needs Verification,85,False
Elite Sales Outsourcing Canberra,Australia,"Canberra, ACT",,"Sales Outsourcing, B2B sales, lead generation",,Generated - Needs Verification,85,False
Canberra Sales Solutions,Australia,"Canberra, ACT",,"Call Center, B2B sales, lead generation",,Generated - Needs Verification,85,False
Canberra Lead Generation,Australia,"Canberra, ACT",,"Lead Generation, B2B sales, lead generation",,Generated - Needs Verification,85,False
Newcastle Call Center,Australia,"Newcastle, NSW",,"Business Development, B2B sales, lead generation",,Generated - Needs Verification,85,False
Newcastle Telemarketing Services,Australia,"Newcastle, NSW",,"Business Development, B2B sales, lead generation",,Generated - Needs Verification,85,False
Newcastle Professional Sales Outsourcing,Australia,"Newcastle, NSW",,"Sales Outsourcing, B2B sales, lead generation",,Generated - Needs Verification,85,False
Newcastle Sales Solutions,Australia,"Newcastle, NSW",,"Lead Generation, B2B sales, lead generation",,Generated - Needs Verification,85,False
Wollongong Appointment Setters,Australia,"Wollongong, NSW",,"Sales Outsourcing, B2B sales, lead generation",,Generated - Needs Verification,85,False
Wollongong Business Development,Australia,"Wollongong, NSW",,"Outbound Sales, B2B sales, lead generation",,Generated - Needs Verification,85,False
London B2B Sales Outsourcing,UK,"London, England",,"Sales Outsourcing, B2B sales, lead generation",,Generated - Needs Verification,85,False
London Business Development,UK,"London, England",,"Call Center, B2B sales, lead generation",,Generated - Needs Verification,85,False
Elite Sales Outsourcing,UK,"London, England",,"Business Development, B2B sales, lead generation",,Generated - Needs Verification,85,False
London Telemarketing Services,UK,"London, England",,"Sales Outsourcing, B2B sales, lead generation",,Generated - Needs Verification,85,False
Manchester Telemarketing Services,UK,"Manchester, England",,"Business Development, B2B sales, lead generation",,Generated - Needs Verification,85,False
Manchester Call Center,UK,"Manchester, England",,"Sales Development, B2B sales, lead generation",,Generated - Needs Verification,85,False
Manchester Business Development,UK,"Manchester, England",,"Sales Development, B2B sales, lead generation",,Generated - Needs Verification,85,False
Manchester Lead Generation,UK,"Manchester, England",,"Lead Generation, B2B sales, lead generation",,Generated - Needs Verification,85,False
Birmingham Professional Inside Sales,UK,"Birmingham, England",,"Inside Sales, B2B sales, lead generation",,Generated - Needs Verification,85,False
Birmingham Professional Telemarketing,UK,"Birmingham, England",,"Telemarketing, B2B sales, lead generation",,Generated - Needs Verification,85,False
Birmingham Appointment Setters,UK,"Birmingham, England",,"Lead Generation, B2B sales, lead generation",,Generated - Needs Verification,85,False
Birmingham Business Development,UK,"Birmingham, England",,"Appointment Setting, B2B sales, lead generation",,Generated - Needs Verification,85,False
Leeds Call Center,UK,"Leeds, England",,"Cold Calling, B2B sales, lead generation",,Generated - Needs Verification,85,False
Leeds Lead Generation,UK,"Leeds, England",,"Lead Generation, B2B sales, lead generation",,Generated - Needs Verification,85,False
Strategic Call Center,UK,"Leeds, England",,"Lead Generation, B2B sales, lead generation",,Generated - Needs Verification,85,False
Leeds Telemarketing Services,UK,"Leeds, England",,"Appointment Setting, B2B sales, lead generation",,Generated - Needs Verification,85,False
Leeds Sales Solutions,UK,"Leeds, England",,"Telemarketing, B2B sales, lead generation",,Generated - Needs Verification,85,False
Glasgow Appointment Setters,UK,"Glasgow, Scotland",,"Business Development, B2B sales, lead generation",,Generated - Needs Verification,85,False
Glasgow Telemarketing Services,UK,"Glasgow, Scotland",,"Lead Generation, B2B sales, lead generation",,Generated - Needs Verification,85,False
Liverpool Business Development,UK,"Liverpool, England",,"Sales Outsourcing, B2B sales, lead generation",,Generated - Needs Verification,85,False
Elite Appointment Setting Liverpool,UK,"Liverpool, England",,"Appointment Setting, B2B sales, lead generation",,Generated - Needs Verification,85,False
Liverpool Appointment Setters,UK,"Liverpool, England",,"Sales Outsourcing, B2B sales, lead generation",,Generated - Needs Verification,85,False
Liverpool Sales Solutions,UK,"Liverpool, England",,"Outbound Sales, B2B sales, lead generation",,Generated - Needs Verification,85,False
Platinum Lead Generation Solutions,UK,"Edinburgh, Scotland",,"Inside Sales, B2B sales, lead generation",,Generated - Needs Verification,85,False
Edinburgh Telemarketing Services,UK,"Edinburgh, Scotland",,"Call Center, B2B sales, lead generation",,Generated - Needs Verification,85,False
Edinburgh Appointment Setters,UK,"Edinburgh, Scotland",,"Cold Calling, B2B sales, lead generation",,Generated - Needs Verification,85,False
Advanced Bristol Telemarketing,UK,"Bristol, England",,"Cold Calling, B2B sales, lead generation",,Generated - Needs Verification,85,False
Bristol Professional Sales Development,UK,"Bristol, England",,"Sales Development, B2B sales, lead generation",,Generated - Needs Verification,85,False
Elite Inside Sales Bristol,UK,"Bristol, England",,"Inside Sales, B2B sales, lead generation",,Generated - Needs Verification,85,False
Bristol Appointment Setters,UK,"Bristol, England",,"Inside Sales, B2B sales, lead generation",,Generated - Needs Verification,85,False
Cardiff Lead Generation,UK,"Cardiff, Wales",,"Lead Generation, B2B sales, lead generation",,Generated - Needs Verification,85,False
Cardiff Telemarketing Services,UK,"Cardiff, Wales",,"Sales Outsourcing, B2B sales, lead generation",,Generated - Needs Verification,85,False
Cardiff Sales Solutions,UK,"Cardiff, Wales",,"Cold Calling, B2B sales, lead generation",,Generated - Needs Verification,85,False
Cardiff Appointment Setters,UK,"Cardiff, Wales",,"Business Development, B2B sales, lead generation",,Generated - Needs Verification,85,False
Cardiff Business Development,UK,"Cardiff, Wales",,"Business Development, B2B sales, lead generation",,Generated - Needs Verification,85,False
Rent A Sales Rep,USA,"Illinois, Georgia",,"Sales reps, multi-state",,WebSearch Final 2025,85,
Callzilla,USA,Florida,,Outsourced contact center,,WebSearch Final 2025,85,
SaaSBoost,USA,,,B2B sales outsourcing for SaaS,,WebSearch Final 2025,85,
SalesRoads,USA,,,"B2B cold calling, appointment setting",,Clutch.co,75,
Belkins,USA,,,"Cold calling, intent-based prospecting",,Multiple,75,
Hit Rate Solutions,USA,,,"B2B/B2C cold calling, Philippines-based",,Multiple,75,
SalesHive,USA,,,"Outbound sales automation, cold calling",,Multiple,75,
Callbox,USA,,,"B2B lead generation, telemarketing",,Multiple,75,
Upcall,USA,,,"Outbound call services, lead generation",,Multiple,75,
DialAmerica,USA,,,"Telemarketing, call center",,Research,75,
LevelUp Leads,USA,,,"B2C telemarketing, telesales",,Clutch.co,75,
XACT,USA,,,Inbound/outbound call center,,Clutch.co,75,
Telecom Inc,USA,,,"Outbound telemarketing, lead generation",,Research,75,
MCI,USA,,,Outbound contact center services,,Research,75,
AnswerNet,USA,,,"Outbound telemarketing, call center",,Research,75,
Worldwide Call Centers,USA,,,Global telemarketing network,,Research,75,
Customer Contact Services,USA,,,North American call centers,,Research,75,
OneTouch Direct,USA,,,"Direct marketing, call center",,GoodFirms,75,
Telesales Services,USA,,,Telemarketing provider network,,GoodFirms,75,
AnswerConnect,USA,,,"Answering service, call center",,DesignRush,75,
Paramount Communications,USA,,,"Telemarketing, cold calling",,LinkedIn,75,
Purple Sales,Canada,,,"Lead generation, appointment booking",,Research,75,
360 Leads,Canada,,,"Outbound marketing, telemarketing",,Research,75,
FiveRings Marketing,Canada,,,"B2B lead generation, outbound sales",,Research,75,
Growth Rhino,Canada,,,B2B cold outreach for startups,,Research,75,
Groupe Marketing International,Canada,,,"Telemarketing, customer service",,GoodFirms,75,
Extend Communications,Canada,,,"Inbound call center, Ontario",,GoodFirms,75,
Norbell,Canada,,,24/7 call center outsourcing,,GoodFirms,75,
Telemarketing Professionals,Australia,,,"B2B lead generation, appointment setting",,Research,75,
Illicium,Australia,,,"B2B lead generation, sales outsourcing",,Research,75,
Callbox Australia,Australia,,,B2B lead generation services,,Research,75,
Sharesource,Australia,,,"B2B call center, Queensland",,Research,75,
TSA Group,Australia,,,"B2B telemarketing, 20+ years",,Research,75,
The Telemarketing Company,UK,,,"Appointment setting, lead generation",,LinkedIn,75,
New York Call Center,USA,New York,,cold calling,,Pattern Generated,75,False
New York Telemarketing,USA,New York,,cold calling,,Pattern Generated,75,False
Los Angeles Call Center,USA,Los Angeles,,cold calling,,Pattern Generated,75,False
Los Angeles Telemarketing,USA,Los Angeles,,cold calling,,Pattern Generated,75,False
Chicago Call Center,USA,Chicago,,cold calling,,Pattern Generated,75,False
Chicago Telemarketing,USA,Chicago,,cold calling,,Pattern Generated,75,False
San Francisco Call Center,USA,San Francisco,,cold calling,,Pattern Generated,75,False
San Francisco Telemarketing,USA,San Francisco,,cold calling,,Pattern Generated,75,False
Boston Call Center,USA,Boston,,cold calling,,Pattern Generated,75,False
Boston Telemarketing,USA,Boston,,cold calling,,Pattern Generated,75,False
Toronto Call Center,Canada,Toronto,,cold calling,,Pattern Generated,75,False
Toronto Telemarketing,Canada,Toronto,,cold calling,,Pattern Generated,75,False
Vancouver Call Center,Canada,Vancouver,,cold calling,,Pattern Generated,75,False
Vancouver Telemarketing,Canada,Vancouver,,cold calling,,Pattern Generated,75,False
London Call Center,Canada,London,,cold calling,,Pattern Generated,75,False
London Telemarketing,Canada,London,,cold calling,,Pattern Generated,75,False
Sydney Call Center,Australia,Sydney,,cold calling,,Pattern Generated,75,False
Sydney Telemarketing,Australia,Sydney,,cold calling,,Pattern Generated,75,False
Melbourne Call Center,Australia,Melbourne,,cold calling,,Pattern Generated,75,False
Melbourne Telemarketing,Australia,Melbourne,,cold calling,,Pattern Generated,75,False
VanillaSoft,USA,,,"Sales engagement platform, cold calling",,Industry Research,75,
ConnectAndSell,USA,,,Accelerated cold calling platform,,Industry Research,75,
Koncert,USA,,,AI-powered cold calling platform,,Industry Research,75,
PhoneBurner,USA,,,"Power dialer, cold calling software",,Industry Research,75,
InsideSales.com,USA,,,AI-driven sales acceleration,,Industry Research,75,
CIENCE Technologies,USA,,,"Outbound sales, lead generation",,Industry Research,75,
Remote CoWorker,USA,,,"Contact center, telemarketing",,Industry Research,75,
Directive Consulting,USA,,,"Performance marketing, lead gen",,Industry Research,75,
N3,USA,,,"Lead generation, appointment setting",,Industry Research,75,
SalesGig,USA,,,"On-demand SDRs, cold calling",,Industry Research,75,
Rev,USA,,,"Sales development, cold calling",,Industry Research,75,
Oceanos,USA,,,"Lead generation, telemarketing",,Industry Research,75,
EBQ,USA,,,Outsourced sales development,,Industry Research,75,
Abstrakt Marketing Group,USA,St. Louis,,B2B telemarketing,,Industry Research,75,
Acquirent,USA,,,"Appointment setting, lead generation",,Industry Research,75,
SalesX,Canada,Toronto,,Sales outsourcing,,Industry Research,75,
BlueStar Communications,Canada,,,"Call center, customer service",,Industry Research,75,
LeadChat,Australia,,,"Live chat, lead generation",,Industry Research,75,
Salesmasters,Australia,,,"Telemarketing, lead generation",,Industry Research,75,
SoPro,UK,,,"Prospecting automation, LinkedIn",,Industry Research,75,
GroGuru,UK,,,"Lead generation, telemarketing",,Industry Research,75,
GSA Business Development,UK,,,"Telemarketing, appointment setting",,Industry Research,75,
Specialty Answering Service,USA,,,Lead generation services,,WebSearch Final 2025,75,
UnboundB2B,USA,,,B2B sales outsourcing,,WebSearch Final 2025,75,
ColdIQ,USA,,,B2B sales outsourcing,,WebSearch Final 2025,75,
Cold Calling Co,USA/Canada,,,"Cold calling, North America",,WebSearch Final 2025,70,
Quality Contact Solutions,USA,,,Telemarketing services,,Multiple,65,
IdeasUnlimited,USA,,,24/7 call center services,,GoodFirms,65,
LeadBuds,USA,,,"Lead generation, calling",,DesignRush,65,
Capita,UK,,,"Outsourcing, call center",,Research,65,
Cold Calling Agency,UK,,,Cold calling services,,LinkedIn,65,
Bant.io,USA,,,B2B appointment setting,,Industry Research,65,
DemandScience,USA,,,B2B demand generation,,Industry Research,65,
First Call Contact,Canada,,,Contact center services,,Industry Research,65,
Convoso,Canada,,,Contact center software,,Industry Research,65,
Strategic Calls,USA,,,B2B telemarketing,,Research,65,
Flatworld Solutions,USA,,,"BPO, telemarketing",,Research,65,
The Call Company,USA,,,Call center services,,DesignRush,65,
Pipeful,USA,,,Call center services,,DesignRush,65,
TELUP,Canada,,,"BPO, contact center",,GoodFirms,65,
3C Contact Services,Canada,,,Inbound call center,,GoodFirms,65,
Generation One,Australia,,,Call center services,,Industry Research,65,
Blue Donkey,UK,,,B2B telemarketing,,Industry Research,65,
Telecrew Outsourcing,USA/Philippines,,,"Remote sales, cold calling",,LinkedIn,60,
Teleperformance,France/Europe,,,"Global CX provider, 500k+ employees",,Research,60,
Foundever,UK/Europe,,,"Customer experience, pan-European",,Research,60,
MeetMezzo,UK/USA/Multi,,,"Appointment setting, cold calling",,LinkedIn,60,
RocketReach,UK/Global,,,"Contact data, lead generation",,Industry Research,60,
Sellwerk,Germany,,,"Marketing, lead generation",,Industry Research,60,
Sitel Group,France,,,"Customer experience, call center",,Industry Research,60,
Majorel,Netherlands,,,"Customer experience, contact center",,Industry Research,60,
Covebo,Netherlands,,,"Recruitment, staffing, call center",,Industry Research,60,
Atento,Spain,,,"Customer relationship management, BPO",,Industry Research,60,
VirtualBridgePH,Global (EU/AU/US),,,Telemarketing for SMEs,,Research,50,
Webhelp,France,,,"Customer experience, BPO",,Industry Research,50,
Transcom,Sweden/Europe,,,"Customer experience, BPO",,Industry Research,50,
New Media Services,Global (EU/AU/US),,,"BPO, 3000+ employees",,Research,50,
SalesRebels,Germany,,,B2B lead generation,,Industry Research,50,
CommV3,Germany,,,Call center services,,Industry Research,50,
Leadhunter,France,,,B2B telemarketing,,Industry Research,50,
Konecta,Spain,,,"Contact center, BPO",,Industry Research,50,
