name,email,website,city,state,business_summary,personalization_angle,has_emergency_service,has_online_booking,is_family_owned,is_growing,targets_residential,targets_commercial
RUIZ ELECTRICAL SERVICES LLC,info@ruizelectricalservices.net,http://www.ruizelectricalservices.net/,"Tampa, FL",florida,"Ruiz Electrical Services is a family-owned electrical contractor based in Tampa, FL, serving both residential and commercial clients since 2015. They specialize in a wide range of electrical services, including emergency power solutions, wiring upgrades, and lighting installations, all backed by a commitment to quality and customer satisfaction.","With your 24/7 emergency service, you likely face a high volume of late-night calls that can disrupt your team's workflow. Voice AI can efficiently manage these calls, ensuring that urgent requests are handled promptly while freeing up your staff to focus on ongoing projects. This way, you can maintain your reputation for reliability without compromising your team's work-life balance.",True,False,True,True,True,True
Second Opinion Electric,secondopinionelectric@gmail.com,http://www.secondopinionelectric.com/,"Tampa, FL",florida,"Second Opinion Electric is a family-owned licensed electrician service based in Tampa Bay, specializing in both residential and commercial electrical solutions. With a commitment to safety, honesty, and integrity, they offer a wide range of services including panel upgrades, EV charger installations, and emergency repairs across multiple counties.","You provide a variety of essential electrical services, including emergency repairs, which can lead to a high volume of late-night calls. Voice AI can help you manage these calls efficiently, ensuring that you never miss an urgent request while allowing your team to focus on providing quality service during the day. Plus, with online booking available, integrating Voice AI can streamline your appointment scheduling even further.",True,True,True,False,True,True
CJS Electric Inc.,admin@cjselectric7.com,http://www.cjselectric7.com/,"Tampa, FL",florida,"CJS Electric is a trusted electrical contractor based in Tampa, serving both residential and commercial clients since 1987. With over 50 years of combined experience, they offer a wide range of services including electrical installation, maintenance, and troubleshooting, ensuring quality and reliability for their customers.","With your commitment to providing free estimates and handling both residential and commercial projects, you likely receive a high volume of inquiries. Voice AI can streamline your customer interactions by managing calls and scheduling appointments, allowing you to focus on delivering exceptional service without missing out on potential leads.",False,False,False,True,True,True
Thompson Electric and Air,353-1500info@thompsonelectricco.comfirst,https://www.thompsonelectricco.com/?utm_source=GMB&utm_medium=Website&utm_campaign=mapstakeover,"Jacksonville, FL",florida,"Thompson Electric & Air is a family-owned HVAC and electrical company based in Jacksonville, Florida, serving the Northeast Florida and Southern Georgia areas since 1989. They provide a range of services including air conditioning installation, maintenance, and repairs, as well as electrical services for both residential and commercial clients. With a strong local reputation and a commitment to prompt service, they ensure customer comfort year-round.","You emphasize quick response times with a 1-hour service promise, which is crucial for maintaining customer satisfaction. However, managing after-hours calls can be challenging for your team. Voice AI can seamlessly handle these calls, ensuring that you never miss an urgent request while allowing your technicians to focus on providing top-notch service during business hours.",True,False,True,True,True,True
Lin's Electric Inc.,info@linselectric.com,http://linselectric.com/,"Jacksonville, FL",florida,"Lin's Electric Inc. is a family-owned electrical services company based in Jacksonville, FL, providing high-quality electrical solutions since 2005. They cater to both residential and commercial clients, offering 24/7 emergency services to ensure prompt assistance for any electrical issues.","With your commitment to 24/7 emergency services, you likely face a high volume of late-night calls that can disrupt your team's workflow. Voice AI can efficiently manage these after-hours inquiries, allowing you to focus on providing top-notch service during the day while ensuring no urgent requests are missed, ultimately enhancing customer satisfaction and operational efficiency.",True,False,True,False,True,True
"Hubbard Electrical Contracting, LLC",tinahec22@gmail.com,http://www.hubbardelectricalcontracting.com/,"Jacksonville, FL",florida,"Hubbard Electrical Contracting is a licensed and insured electrical contracting company based in Jacksonville, Florida, specializing in both residential and commercial electrical services. With a focus on customer satisfaction and energy-efficient solutions, they pride themselves on their highly trained technicians and transparent pricing.","You emphasize a customer-focused approach and the importance of clear communication throughout your projects. Voice AI can enhance your customer service by managing incoming calls, scheduling appointments, and providing information to clients, allowing your team to focus on delivering high-quality electrical solutions without missing any potential leads.",False,True,False,False,True,True
E&P Electrical services Miami,sales@epelectricalservice.com,https://epelectricalservice.com/,"Miami, FL",florida,"E&P Electrical Services is a versatile electrical contractor providing solutions for residential, commercial, and industrial clients. With years of experience and a commitment to safety and customer satisfaction, they offer installations, maintenance, and repairs tailored to diverse needs. Their 24/7 availability ensures they are always ready to assist their clients.","With your 24/7 availability, managing after-hours calls can be a challenge, especially when you want to maintain high customer satisfaction. Voice AI can streamline your phone answering process, ensuring that every call is handled promptly and professionally, allowing you to focus on delivering exceptional service without the stress of missed opportunities.",True,False,False,True,True,True
"Electric Service & Repair, Inc.",fonsecaelaine20@gmail.com,http://www.electricserviceandrepair.net/,"Miami, FL",florida,"Electric Service & Repair is a licensed and insured electrical contractor based in Miami, FL, with over 30 years of experience. They cater to both residential homeowners and commercial businesses, offering a wide range of electrical services including emergency repairs, installations, and maintenance. Their commitment to quality and professionalism has earned them a strong reputation in the Miami-Dade metro area.","With your 24/7 emergency service, you likely face a high volume of late-night calls that can disrupt your team's workflow. Implementing Voice AI can streamline your call handling, ensuring that every emergency request is addressed promptly without overwhelming your staff. This way, you can maintain your high service standards while freeing up time for your electricians to focus on their core tasks.",True,False,False,True,True,True
Elekron Electric Inc,"info@elekronelectric.com, rodrigo@elekronelectric.com",http://www.elekronelectric.com/,"Miami, FL",florida,"Elekron Electric is a Miami-based electrical contractor specializing in a wide range of electrical services, including breaker repair, EV charger installation, and kitchen remodels. With a focus on safety and customer satisfaction, they serve both residential and commercial clients throughout Miami-Dade County and beyond.","As a busy electrical contractor handling various services, you likely face challenges managing incoming calls and scheduling appointments efficiently. Voice AI can streamline your phone answering process, ensuring that every call is handled professionally, even during peak hours or after business hours, allowing you to focus on delivering exceptional service without missing out on potential clients.",False,False,False,True,True,True
Smart Electrical Company Llc,info@smartelectricalcompany.com,https://smartelectricalcompany.com/,"Miami, FL",florida,"Smart Electrical Company is a licensed and insured electrical contractor based in South Florida, specializing in residential, commercial, and industrial electrical services. With over 15 years of experience, they pride themselves on delivering reliable, safe, and efficient electrical solutions, including installations, repairs, and smart home integrations.","You offer 24/7 emergency electrical services, which can lead to a high volume of late-night calls that may overwhelm your team. Implementing Voice AI can help you manage these calls efficiently, ensuring that urgent requests are handled promptly without disrupting your personal time or requiring additional staff. This way, you can focus on delivering quality workmanship while Voice AI takes care of the customer interactions.",True,False,False,True,True,True
Electrical Master System Corp,electricalmastersystem@gmail.com,https://electricalmastersystem.com/,"Miami, FL",florida,"Electrical Master System is a premier electrical services provider based in Miami, FL, specializing in residential, commercial, and industrial electrical solutions. With a commitment to quality and customer satisfaction, they offer services like generator installation and A/C installation, ensuring reliable power for homes and businesses alike. Their team is dedicated to delivering affordable, high-quality services 24/7.","You pride yourself on 24/7 availability, which is fantastic for your customers but can be overwhelming for your team during peak hours. With Voice AI, you can streamline your call handling, ensuring that every inquiry is addressed promptly, even during busy times. This means you can focus on delivering exceptional service while we take care of the calls, helping you maintain your reputation for reliability.",True,False,False,True,True,True
UP & Down Electrical Services LLC EC#13014809,csr@upanddownelectricalservices.com,https://www.upanddownelectricalservicesllc.com/,"Orlando, FL",florida,"UP & DOWN Electrical Services is a reliable electrical contractor based in Orlando, FL, serving both residential and commercial clients. With a focus on energy-efficient solutions and a commitment to excellence, they offer a wide range of services including panel change-outs, breaker swaps, and light fixture installations.","You emphasize your dedication to customer satisfaction and prompt service, which can be challenging to maintain during busy hours or emergencies. By integrating Voice AI into your phone answering service, you can ensure that every call is handled professionally, allowing you to focus on delivering top-quality electrical solutions without missing out on potential business opportunities.",False,True,False,True,True,True
Just Do It Pros LLC,"tristen@justdoitpros.com, tristen@justdoitpros.comhoursavailable",https://justdoitpros.com/,"Orlando, FL",florida,"Just Do It Pros is a small, family-owned HVAC and electrical contractor serving the local community. They specialize in a variety of services including installations, maintenance, and repairs, with a focus on providing reliable upgrades and free consultations. Their commitment to customer satisfaction is evident through their emphasis on free estimates and inspections.","With your focus on providing free estimates and consultations, you likely receive a high volume of inquiries that can be challenging to manage. Voice AI can streamline your communication by handling calls and texts, allowing you to focus on delivering quality service without missing potential leads. This way, you can enhance customer experience while maintaining your family-oriented approach.",False,False,True,False,True,False
Smartron Electric,service@smartronelectric.com,http://smartronelectric.com/,"Orlando, FL",florida,"Smartron Electric is a family-owned electrical service company based in Winter Park, dedicated to providing 5-star service to local residents. With a focus on transparent pricing and high-quality workmanship, they offer a range of services including electrical installations, safety inspections, and emergency repairs.","You emphasize clear communication and a stress-free experience, but managing customer calls can be challenging, especially during peak times or emergencies. Voice AI can streamline your call handling, ensuring that every inquiry is addressed promptly and professionally, allowing your team to focus on delivering top-notch service without missing any opportunities.",True,False,True,True,True,False
In Phaze Electric Inc.,tony@inphazeelectric.com,https://www.inphazeelectric.com/request-an-appointment/,"Orlando, FL",florida,"In Phaze Electric Inc is a growing electrical contractor specializing in both home and commercial wiring services. They offer a range of electrical solutions, including EV charging stations and home lighting protection, catering to a diverse clientele in the local area.","With your focus on providing virtual appointments and a variety of electrical services, managing customer inquiries can become overwhelming, especially during peak times. Voice AI can streamline your appointment scheduling, ensuring that you never miss a call or a potential client, while allowing your team to focus on delivering quality service without the added stress of handling every incoming call.",False,True,False,True,True,True
Green Light Electric,"%20joe@greenlightele.com, joe@greenlightele.com",https://www.greenlightele.com/,"St. Petersburg, FL",florida,"Green Light Electric LLC is a trusted electrical contractor based in Crystal River, FL, serving both residential and commercial clients. With a commitment to high-quality electrical services and customer satisfaction, they offer a wide range of solutions, including emergency services available 24/7. Their skilled team ensures that every project meets the highest standards of safety and efficiency.","You provide 24/7 emergency electrician services, which can lead to a high volume of late-night calls that may overwhelm your team. By integrating Voice AI, you can ensure that every emergency call is answered promptly and professionally, allowing you to focus on delivering exceptional service without the stress of missed calls or appointments. This technology can streamline your operations and enhance customer satisfaction, making your business even more reliable.",True,True,False,True,True,True
"Majestic Services | HVAC, Plumbing, Electrical",service@trustmajestic.com,https://www.trustmajestic.com/,"St. Petersburg, FL",florida,"Majestic Services is a trusted HVAC, plumbing, and electrical contractor based in Clearwater, FL, providing comprehensive solutions for both residential and commercial clients. With a commitment to quality workmanship and transparent pricing, they have built a strong reputation for reliability and excellence in service delivery.","You emphasize quick response times and a satisfaction guarantee, which are crucial in the HVAC and plumbing industries. Voice AI can enhance your customer service by managing after-hours calls, ensuring that urgent requests are handled promptly without overwhelming your team. This way, you can maintain your high standards of service while freeing up time for your skilled professionals to focus on what they do best.",True,False,False,True,True,True
Ezell Electric,"ezellelectric@gmail.com, filler@godaddy.combookingsmy, filler@godaddy.comhomeresidentialpanel",http://www.ezell-electric.com/,"St. Petersburg, FL",florida,"Ezell Electric is a trusted local electrician service based in Pinellas Park, FL, specializing in both residential and commercial electrical panel work. With a focus on safety and efficiency, they offer a range of services including installations, repairs, and generator installations, catering to a diverse clientele in the area.","You provide a special offer for same-day electrical repair proposals, which indicates a high volume of customer inquiries. Voice AI can streamline your call handling, ensuring that every request is captured and appointments are booked without delay, allowing your team to focus on delivering quality service. This can enhance customer satisfaction and help you manage your growing business more effectively.",False,True,False,True,True,True
Dragon Electric Services,"33015oruiz@dragonelectric-s.com, oruiz@dragonelectric-s.com",https://dragonelectric.framer.website/,"Hialeah, FL",florida,"Dragon Electric Services is a trusted electrical contractor serving the Hialeah and Miami areas of South Florida. With a focus on both residential and commercial clients, they offer a wide range of services including electrical installations, panel upgrades, and emergency repairs, all backed by a commitment to safety and customer satisfaction.","You emphasize the importance of clear communication and customer understanding, which is crucial in the electrical industry. With your focus on emergency repairs, Voice AI can help manage urgent calls efficiently, ensuring you never miss a potential client during busy hours. This way, you can maintain your high standards of service without overwhelming your team.",True,False,False,True,True,True
EU Electrical Contractor,ozzy@euelectrical.com,http://www.euelectrical.com/,"Hialeah, FL",florida,"EU Electrical Contractor is a trusted electrical service provider based in South Florida, operating since 2013. With over 12 years of experience, they specialize in both residential and commercial electrical solutions, ensuring code compliance and high-quality workmanship. Their commitment to safety and customer satisfaction has earned them a strong reputation in the local market.","You emphasize a customer-first approach and a commitment to safety, which is crucial in the electrical industry. With the volume of calls you likely receive for both residential and commercial services, Voice AI can streamline your phone answering process, ensuring that every inquiry is handled promptly and professionally. This means you can focus on delivering top-notch service without missing out on potential business opportunities.",False,False,False,True,True,True
"Weston Trawick, Inc.",contact@westontrawick.com,http://www.westontrawick.com/,"Tallahassee, FL",florida,"Weston Trawick is a trusted electrical contractor based in Tallahassee, Florida, providing a wide range of services for over 15 years. They specialize in residential, commercial, and industrial electrical work, including 24-hour emergency services and backup generator installations. Their commitment to quality and customer satisfaction has earned them a strong local reputation.","With your 24/7 emergency service, you likely face a high volume of calls, especially during off-hours. Voice AI can help you manage these calls efficiently, ensuring that every urgent request is handled promptly without overwhelming your team. This way, you can focus on delivering top-notch service while maintaining a work-life balance.",True,False,False,True,True,True
A+ Electrical Contractors LLC,"info@aplusec.com, service@aplusec.com",http://www.aplusec.com/,"Tallahassee, FL",florida,"A+ Electrical Contractors LLC is a family-owned electrical contractor based in Tallahassee, FL, serving both residential and commercial clients. With a focus on high-quality service and customer satisfaction, they offer a range of services including new construction, remodels, and property management support.","Managing both residential and commercial projects can be demanding, especially when it comes to scheduling service calls and consultations. With Voice AI, you can streamline your appointment bookings and ensure that no customer inquiry goes unanswered, allowing you to focus on delivering superior service without the stress of missed calls or scheduling conflicts.",False,False,True,False,True,True
Brighter Days Electrical Repair,"info@brighterdaysfl.com, info@brighterdaysfl.comhours",https://www.brighterdaysfl.com/?utm_campaign=gmb,"Port St. Lucie, FL",florida,"Brighter Days Electric is a local electrical contractor based in Port St. Lucie, FL, specializing in residential electrical repair, replacement, and maintenance services. With a commitment to personalized care and a strong community presence, they serve homeowners across the Treasure Coast, ensuring safe and modern electrical systems.","You emphasize same-day service and a fully stocked fleet, which shows your dedication to customer satisfaction. However, managing incoming calls and scheduling can be overwhelming, especially during peak times. Voice AI can streamline your appointment bookings and handle inquiries after hours, allowing your skilled technicians to focus on delivering quality service without interruptions.",True,False,False,True,True,False
Ehman Electrical Contractor LLC,office@ehmanelectric.com,http://www.ehmanelectric.com/,"Port St. Lucie, FL",florida,"Ehman Electrical Contractor LLC is a trusted electrical service provider based in Port St. Lucie, FL, specializing in both residential and commercial electrical solutions. With a commitment to high-quality workmanship and customer satisfaction, they offer services such as generator installations, EV charger installations, and electrical remodels to meet the diverse needs of their clients.","You provide a wide range of electrical services, which likely leads to a high volume of incoming calls and inquiries. Voice AI can streamline your communication by handling calls after hours, booking appointments, and ensuring that no potential client is left waiting. This way, you can focus on delivering exceptional service without the stress of managing every call personally.",False,False,False,True,True,True
Castillo’s Electrical Service LLC,"%20castilloselectricalservice@gmail.com, castilloselectricalservice@gmail.com",http://castilloselectrical.com/,"Port St. Lucie, FL",florida,"Castillo's Electrical Service is a family-owned electrical contractor serving the South Florida area, from Port St. Lucie to Miami-Dade County, for over 7 years. They specialize in both residential and commercial electrical services, including emergency repairs, complete home rewiring, and EV charger installations. Their commitment to quality and customer satisfaction has built a strong local reputation.","With your 24/7 emergency service, you likely face a high volume of late-night calls that can disrupt your team's workflow. Implementing Voice AI can help manage these calls efficiently, ensuring that urgent requests are handled promptly while freeing up your electricians to focus on ongoing projects. This way, you can maintain your commitment to customer satisfaction without compromising your team's work-life balance.",True,False,True,True,True,True
"Sparks Electrical Contracting, LLC",admin@electricfl.com,http://www.electricfl.com/,"Port St. Lucie, FL",florida,"Sparks Electrical Contracting, LLC is a trusted electrical service provider based in Stuart, FL, serving Martin and St. Lucie Counties. With a focus on safety, efficiency, and innovation, they offer a wide range of services including residential installations, commercial wiring, and smart home automation. Their experienced team is dedicated to delivering high-quality workmanship and exceptional customer service.","You emphasize rapid response for emergency electrical repairs, which can be challenging to manage during peak hours or after business hours. Implementing Voice AI can streamline your call handling, ensuring that urgent requests are addressed promptly without overwhelming your team. This way, you can maintain your high customer satisfaction while freeing up time for your electricians to focus on their work.",True,False,False,True,True,True
Tradition Electric,info@traditionelect.com,http://www.traditionelectricinc.com/,"Port St. Lucie, FL",florida,"Tradition Electric, Inc. is a family-owned electrical contracting business based in Port St. Lucie, FL, with over 35 years of experience. They specialize in both commercial and residential electrical services, including new construction, service upgrades, and code violation corrections, ensuring high-quality and prompt service for their clients.","With your extensive range of services and commitment to personal attention, managing customer inquiries can become overwhelming, especially during peak times. Voice AI can streamline your phone answering process, allowing you to focus on delivering quality service while ensuring that every potential client receives prompt and professional assistance, even after hours.",False,False,True,False,True,True
Electrical Experts of FL LLC,info@electricalexpertsoffl.com,http://www.electricalexpertsoffl.com/,"Cape Coral, FL",florida,"Electrical Experts of Florida is a family-owned electrical contractor based in North Fort Myers, FL, serving the Southwest Florida area. They specialize in both residential and commercial electrical services, including installations, repairs, and maintenance, with a strong focus on customer satisfaction and safety.","With your 24/7 emergency service, you likely face a surge of calls during off-hours that can overwhelm your team. Implementing Voice AI can streamline your call handling, ensuring that every emergency request is captured and appointments are booked without adding to your workload. This way, you can focus on providing top-notch service while maintaining a healthy work-life balance.",True,True,True,True,True,True
All Phase Electric Service,service@allphase-electric.com,https://www.allphase-electric.com/?utm_source=omg-gbp&utm_medium=webclick,"Cape Coral, FL",florida,"All Phase Electric Service of FL, Inc. is a well-established electrical contractor based in Fort Myers, serving the Tampa-Marco Island area for over 35 years. They specialize in a wide range of electrical services, including residential and commercial solutions, with a strong focus on safety and reliability, particularly during utility outages.","With your commitment to 24/7 emergency services, managing late-night calls can be a challenge for your team. Voice AI can seamlessly handle these after-hours inquiries, ensuring that you never miss an urgent request while allowing your electricians to focus on their core work. This could enhance your customer service experience and help maintain your reputation for reliability.",True,False,False,True,True,True
"ABC Electric Service, Inc.","jobs@abcelectricserviceinc.com, joe@abcelectricservice.com",http://abcelectricservice.com/,"Cape Coral, FL",florida,"ABC Electric Service is a well-established electrical contractor with over 40 years of experience, serving the Southwest Florida community. They provide a comprehensive range of services for residential, commercial, and industrial clients, including emergency service and new installations. With a focus on professional service, they are currently expanding their team to meet the growing demand in the area.","Given your emphasis on emergency service and the rapid growth in Southwest Florida, managing incoming calls can be a challenge, especially during peak times. Voice AI can streamline your call handling, ensuring that urgent requests are addressed promptly while freeing up your team to focus on installations and service delivery. This way, you can maintain your reputation for reliability without the stress of missed calls or overwhelmed staff.",True,False,False,True,True,True
Coharbor Electric LLC,hello@coharborelectric.com,https://coharborelectric.com/,"Cape Coral, FL",florida,"Coharbor Electric is a trusted electrical contractor based in Fort Myers, FL, serving both residential and commercial clients in Southwest Florida. With over 31 years of experience, they specialize in electrical installation, repair, and maintenance, ensuring high-quality work delivered on time and with integrity.","You emphasize the importance of timely and reliable service, which can be challenging when you're busy managing multiple projects. Voice AI can streamline your phone answering process, ensuring that every call is handled professionally, even during peak hours. This means you can focus on delivering exceptional service without worrying about missed calls or potential clients falling through the cracks.",False,True,False,True,True,True
"Jesselectric, Inc",jess@jesselectric.com,http://jesselectric.com/,"Fort Lauderdale, FL",florida,"Jesselectric Inc. is a certified and insured electrical services company based in Oakland Park, FL, operating since 2007. They specialize in both residential and commercial electrical work, including emergency repairs, inspections, and installations. With a commitment to safety and quality, they aim to provide reliable electrical solutions for their clients.","You offer 24/7 emergency services, which can lead to a high volume of late-night calls that may disrupt your team's workflow. Implementing Voice AI can help manage these calls efficiently, ensuring that urgent requests are handled promptly while freeing up your electricians to focus on their core tasks. This way, you can maintain your high standards of service without compromising on response times or customer satisfaction.",True,False,False,True,True,True
Solomon Electric,contactus@solomonselectric.com,https://247electricianmiami.com/,"Fort Lauderdale, FL",florida,"Solomon Electric is a licensed electrician service based in South Florida, proudly serving Miami-Dade, Broward, and West Palm Beach Counties for over 15 years. They specialize in both residential and commercial electrical installations, maintenance, and emergency repairs, ensuring safe and reliable power for their clients.","With your 24/7 emergency service, you understand how crucial it is to respond quickly to electrical issues, especially during off-hours. Voice AI can streamline your call handling, ensuring that every emergency call is answered promptly and appointments are booked automatically, allowing your skilled team to focus on providing top-notch service without missing a beat.",True,False,False,True,True,True
Burley Electrical Service,lance@burleyelectric.com,https://www.burleyelectric.com/,"Fort Lauderdale, FL",florida,"Burley Electrical Service is a master electrician company based in Pompano Beach, FL, with over 35 years of experience. They specialize in high-quality electrical work for residential, commercial, and industrial clients, emphasizing service, dependability, and safety. Their dedicated team is committed to delivering exceptional value and customer satisfaction on every project.","With your focus on providing world-class customer service and handling electrical issues of all sizes, Voice AI can enhance your operations by managing incoming calls efficiently. This means you can respond to customer inquiries promptly, even during busy hours or emergencies, without sacrificing the personal touch that sets you apart. Imagine never missing a call for urgent service requests while freeing up your team to focus on the jobs that matter most.",True,False,False,True,True,True
"Sirius Electrical Contractors, LLC",info@siriuselectric.net,http://www.siriuselectric.net/,"Fort Lauderdale, FL",florida,"Sirius Electrical Contractors is a minority-owned electrical service provider with 15 years of industry experience, serving the South Florida Tri-County area. They specialize in residential and commercial electrical installations, including panel maintenance, code violation repairs, and renovations, all while maintaining a strong focus on customer satisfaction and safety.","With your commitment to providing excellent quality service and the diverse range of projects you handle, managing customer inquiries can be a challenge, especially during peak times. Voice AI can streamline your phone answering process, ensuring that every call is handled professionally and efficiently, allowing you to focus on delivering top-notch service without missing out on potential clients.",False,False,False,True,True,True
Wiseminds Electrical Contractors,wisemindselectric@gmail.com,http://www.wisemindselectric.com/,"Fort Lauderdale, FL",florida,"Wise Minds Electric is a licensed and insured electrical contractor based in South Florida, providing reliable electrical services for both residential and commercial properties. With a commitment to customer satisfaction and a strong reputation, they offer a range of services including emergency repairs, lighting installation, and EV charger installation, serving areas like Miami, Fort Lauderdale, and Boca Raton.","You offer 24/7 emergency service, which is crucial for your clients during unexpected electrical issues. Voice AI can help you manage these urgent calls efficiently, ensuring that no emergency request goes unanswered, while also freeing up your team to focus on on-site work. This way, you can maintain your high standards of customer service without the stress of missed calls or appointments.",True,False,False,True,True,True
Next Generation Electrical Contractors LLC,"florida954-623-3497help@nextgenerationelectricalcontractors.comwho, help@nextgenerationelectricalcontractors.com",https://www.nextgenerationelectricalcontractors.com/,"Fort Lauderdale, FL",florida,"Next Generation Electrical Contractors is a licensed electrical services company based in Margate, FL, with over 25 years of experience. They serve both residential and commercial clients across South Florida, offering a wide range of services including electrical installations, upgrades, and emergency repairs. Known for their affordable rates and commitment to quality, they pride themselves on being a trusted local provider.","With your 24/7 emergency response team, you understand the importance of being available for urgent electrical issues. Voice AI can help you manage after-hours calls efficiently, ensuring that every emergency request is handled promptly without overwhelming your team. This way, you can focus on delivering quality service while maintaining a work-life balance.",True,False,False,True,True,True
ALLSITE ELECTRIC LLC,service@allsiteelectric.com,https://allsiteelectric.com/,"Fort Lauderdale, FL",florida,"Allsite Electric is a locally owned electrical contractor serving Broward County and surrounding areas for over 25 years. They specialize in both residential and commercial electrical services, including repairs, installations, and 24/7 emergency support, ensuring safety and customer satisfaction.","With your commitment to 24/7 emergency services, you likely face a high volume of late-night calls that can disrupt your team's workflow. Voice AI can seamlessly manage these calls, ensuring that urgent requests are handled promptly while freeing up your electricians to focus on their core tasks. This way, you can maintain your high standards of service without the stress of missed opportunities.",True,False,True,True,True,True
Superior Electric and Air,"superiorelectricandair@gmail.com, superiorelectricandair@gmail.comelectrician",https://superiorelectricandair.com/,"Fort Lauderdale, FL",florida,"Superior Electric and Air, Inc. is a family-owned HVAC and electrical service provider based in Fort Lauderdale, FL, with over 50 years of experience. They cater to both residential and commercial clients, offering a wide range of services including AC installations, repairs, and emergency electrical services. Their commitment to quality and customer satisfaction has established them as a trusted name in the community.","With your 24/7 emergency service, you likely face a high volume of late-night calls that can disrupt your team's workflow. Implementing Voice AI can streamline your call handling, ensuring that every emergency request is addressed promptly without overwhelming your staff. This way, you can maintain your family time while still providing exceptional service to your customers.",True,True,True,True,True,True
Allbrite Electric & Services,info@allbrite.net,http://allbrite.net/,"Pembroke Pines, FL",florida,"Allbrite Electric & Services, Inc. is a well-established electrical contracting company founded in 1986, serving the Broward, Dade, and Palm Beach areas. They specialize in a wide range of services including energy-efficient lighting, solar power, and emergency repairs for both residential and commercial clients. With a strong focus on building relationships through honest communication, they have a diverse team with significant industry experience.","You offer a variety of services, including emergency repairs, which can lead to a high volume of calls, especially during peak times. Voice AI can help you manage these calls efficiently, ensuring that no urgent requests are missed while allowing your skilled team to focus on the projects at hand. This way, you can maintain your commitment to outstanding service without the stress of overwhelming call volumes.",True,False,False,True,True,True
Florida Electrical & Fire Alarm LLC Electrician of Deerfield Beach (Florida Alarma eléctrica y contra incendios LLC),"info@florida-electrical.com, info@floridaelectricalandfirealarm.com",http://floridaelectricalandfirealarm.com/,"Coral Springs, FL",florida,"Florida Electrical And Fire Alarm LLC is a family-owned electrical services company based in Deerfield Beach, Florida, serving both residential and commercial clients. With a focus on safety and customer satisfaction, they offer a wide range of services including electrical maintenance, repair, installation, and 24/7 emergency services.","You provide 24/7 emergency services, which can lead to a high volume of late-night calls that may overwhelm your team. By integrating Voice AI, you can ensure that every call is answered promptly and professionally, allowing you to focus on providing quality service without the stress of missed opportunities or additional staffing costs.",True,False,True,True,True,True
NextGen Electric,"nextgenelectricpa@gmail.com, us561-808-4182nextgenelectricpa@gmail.comcoral",https://www.nextgenelectricfl.com/,"Coral Springs, FL",florida,"NextGen Electric is a reliable electrical services provider based in South Florida, specializing in breaker panel replacements and upgrades for both homes and condos. With a focus on delivering a seamless and stress-free experience, they serve clients in Broward and Palm Beach Counties, ensuring safety and compliance with modern electrical demands.","You emphasize the importance of a safe and reliable electrical system, which can be challenging to manage during peak service times. With Voice AI, you can streamline your appointment scheduling and handle customer inquiries efficiently, allowing your skilled electricians to focus on delivering quality service without being overwhelmed by phone calls.",False,True,False,True,True,False
ONYX Electric,info@onyxelectricfl.com,https://onyxelectricfl.com/,"Clearwater, FL",florida,"ONYX Electric is a licensed residential electrician service based in the Tampa Bay area, specializing in comprehensive electrical repairs, installations, and upgrades. With a strong local reputation and a commitment to safety and quality, they serve homeowners across Pinellas, Pasco, and Hillsborough counties. Their services include emergency electrical support, panel upgrades, and EV charger installations.","You offer 24/7 emergency electrician services, which can lead to a high volume of late-night calls that may overwhelm your team. By integrating Voice AI, you can ensure that every emergency call is answered promptly and professionally, allowing you to focus on providing top-notch service without the stress of missed calls or scheduling conflicts. This can enhance customer satisfaction and free up your time for more critical tasks.",True,False,False,True,True,False
Anchor Electric,"727-580-1489anchorelectricfl@gmail.com, anchorelectricfl@gmail.com",https://anchorelectricfl.com/,"Clearwater, FL",florida,"Anchor Electric is a licensed and insured electrical contractor based in Palm Harbor, FL, serving both residential and commercial clients in the Tampa Bay area. With a focus on quick and reliable service, they provide a range of electrical solutions, ensuring customer satisfaction with a 100% guarantee and upfront pricing.","You emphasize the importance of quick and reliable service, which can be challenging to manage during peak hours or emergencies. Voice AI can streamline your phone answering process, ensuring that every call is handled promptly and professionally, allowing your qualified technicians to focus on delivering top-notch service without interruptions.",False,False,False,True,True,True
ES & D Electric LLC,contact@esndelectricllc.com,http://www.esndelectricllc.com/,"Palm Bay, FL",florida,"ES & D Electric LLC is a licensed and insured electrical contractor based in Palm Bay, Florida, with over 30 years of experience. They provide a wide range of residential and commercial electrical services, including panel installation, wiring, and lighting repair, ensuring safety and reliability for their clients across the state.","With your commitment to 24/7 service and free estimates, you likely receive numerous inquiries that can be overwhelming for your team. Voice AI can streamline your call handling, ensuring that every potential client receives immediate attention and that you never miss an opportunity to schedule a job, allowing you to focus on delivering exceptional service.",True,False,False,False,True,True
EAU GALLIE ELECTRIC INC.,info@eg-electric.com,http://www.eg-electric.com/,"Palm Bay, FL",florida,"Eau Gallie Electric is a service-disabled veteran-owned electrical contractor based in Florida, serving both residential and commercial markets since 1948. With a team of certified electricians, they specialize in a wide range of services including generator installation, solar energy solutions, and comprehensive electrical services for various industries.","You handle a diverse range of electrical services, which can lead to a high volume of customer inquiries and appointment requests. Implementing Voice AI can streamline your phone answering process, ensuring that every call is handled promptly and professionally, even during peak hours or emergencies. This way, you can focus on delivering exceptional service without missing out on potential business opportunities.",True,False,False,True,True,True
Grand Electric,grandelectric2001@gmail.com,http://www.grandelectric.net/,"Palm Bay, FL",florida,"Grand Electric, a family-owned electrical contractor based in Melbourne, FL, has been serving the Brevard and Indian River County areas since 1967. They provide comprehensive residential and commercial electrical services, including installations, repairs, and free estimates, all while maintaining a strong reputation for professional and affordable service.","With your commitment to providing free estimates and no service call charges, you likely receive numerous inquiries that can be overwhelming during peak hours. Voice AI can streamline your customer interactions by handling calls outside of business hours, ensuring you never miss a potential client while allowing your team to focus on delivering quality service during the day.",False,False,True,True,True,True
Grener Electric,"estimating@grenerelectric.com, jacob@grenerelectric.com, service@grenerelectric.com, trish@grenerelectric.com",https://grenerelectric.com/,"Gainesville, FL",florida,"Grener Electric is a trusted electrical contractor based in Gainesville, specializing in both residential and commercial electrical services. With a team boasting over a century of combined experience, they focus on safety, reliability, and customer satisfaction, making them a go-to choice for local residents and businesses alike.","You have a strong reputation for providing reliable service, but managing incoming calls can be challenging, especially during peak times or emergencies. With Voice AI, you can ensure that every call is answered promptly, allowing your team to focus on delivering exceptional service without missing out on potential business opportunities.",False,False,False,True,True,True
"Vintage Electric, Inc.","352-318-8642john@vintageelectric.net, 352-514-0160adam@vintageelectric.net, adam@vintageelectric.net, april@vintageelectric.net, chancey@vintageelectric.net, john@vintageelectric.net, kayla@vintageelectric.net, kelly@vintageelectric.net, mattl@vintageelectric.net, mike@vintageelectric.net",http://www.vintageelectric.net/,"Gainesville, FL",florida,"Vintage Electric, LLC is a local electric repair company based in Gainesville, FL, with over 20 years of experience. They provide quality electrical services for both residential and commercial clients in Alachua County, focusing on safety and customer satisfaction.","With your commitment to quality service and customer satisfaction, managing incoming calls can be a challenge, especially during peak hours. Voice AI can streamline your phone answering process, ensuring that every inquiry is handled promptly and professionally, allowing your team to focus on delivering exceptional electrical services without missing potential business opportunities.",False,False,False,True,True,True
Archer Electric Services Co,info@archerelectricservice.com,http://www.archerelectricservice.com/,"Gainesville, FL",florida,"Archer Electric Service Company is a well-established electrical contractor based in Gainesville, Florida, with over 50 years of experience. They specialize in both residential and commercial electrical services, focusing on quality workmanship and exceptional customer care. Their reputation for reliability and commitment to treating clients like family sets them apart in the industry.","With your long-standing commitment to quality and customer satisfaction, managing incoming calls and scheduling can become overwhelming, especially during peak times. Voice AI can streamline your appointment booking process, ensuring that you never miss a call or an opportunity to serve your clients, allowing your team to focus on delivering the high-quality service that your customers expect.",False,False,False,True,True,True
